vehicle,type,fuel,official_mileage,condition,distance_km,avg_speed_kmph,duration_hr,real_mileage,fuel_used_litre
Maruti Swift,Car,Petrol,22,City_Heavy,353,13.67,25.83,10.45,33.79
Maruti Swift,Car,Petrol,22,Mixed,25,44.68,0.56,18.83,1.33
Royal Enfield Classic 350,Bike,Petrol,35,City_Moderate,335,36.48,9.18,22.09,15.16
Hyundai Creta,Car,Diesel,21,Mixed,364,61.24,5.94,16.1,22.61
Toyota Innova,Car,Diesel,15,Highway_Light,262,88.88,2.95,13.53,19.36
Bajaj Pulsar 150,Bike,Petrol,45,City_Heavy,390,13.64,28.6,26.45,14.75
Hyundai Creta,Car,Diesel,21,Highway_Light,464,84.47,5.49,19.29,24.06
Royal Enfield Classic 350,Bike,Petrol,35,Highway_Light,349,71.65,4.87,31.52,11.07
Hyundai Creta,Car,Diesel,21,City_Moderate,174,26.17,6.65,15.17,11.47
Toyota Innova,Car,Diesel,15,City_Moderate,275,36.4,7.55,11.92,23.07
Toyota Innova,Car,Diesel,15,Mixed,55,51.47,1.07,12.86,4.28
Honda Activa,Bike,Petrol,50,Highway_Light,135,94.4,1.43,49.92,2.7
Bajaj Pulsar 150,Bike,Petrol,45,City_Heavy,333,11.3,29.47,24.12,13.8
Toyota Innova,Car,Diesel,15,City_Moderate,320,39.08,8.19,11.85,27.01
Honda Activa,Bike,Petrol,50,Highway_Light,350,63.91,5.48,46.93,7.46
Bajaj Pulsar 150,Bike,Petrol,45,Highway_Light,371,87.33,4.25,43.58,8.51
Maruti Swift,Car,Petrol,22,City_Heavy,268,10.69,25.08,11.48,23.34
Bajaj Pulsar 150,Bike,Petrol,45,City_Heavy,424,13.64,31.07,26.18,16.19
Royal Enfield Classic 350,Bike,Petrol,35,City_Moderate,394,30.2,13.05,26.29,14.99
Honda Activa,Bike,Petrol,50,Mixed,481,69.09,6.96,40.68,11.82
Toyota Innova,Car,Diesel,15,City_Heavy,166,17.9,9.27,8.33,19.94
Toyota Innova,Car,Diesel,15,City_Moderate,355,48.05,7.39,11.78,30.14
Hyundai Creta,Car,Diesel,21,City_Moderate,219,38.02,5.76,12.97,16.88
Hyundai Creta,Car,Diesel,21,City_Heavy,217,17.77,12.21,12.44,17.45
Toyota Innova,Car,Diesel,15,Highway_Light,57,83.47,0.68,13.91,4.1
Hyundai Creta,Car,Diesel,21,City_Heavy,192,20.85,9.21,12.45,15.42
Royal Enfield Classic 350,Bike,Petrol,35,City_Moderate,19,29.13,0.65,21.99,0.86
Bajaj Pulsar 150,Bike,Petrol,45,City_Moderate,13,44.31,0.29,27.14,0.48
Honda Activa,Bike,Petrol,50,Mixed,476,40.42,11.78,36.99,12.87
Toyota Innova,Car,Diesel,15,City_Heavy,396,24.58,16.11,6.6,60.03
Bajaj Pulsar 150,Bike,Petrol,45,City_Moderate,265,48.16,5.5,33.94,7.81
Bajaj Pulsar 150,Bike,Petrol,45,City_Moderate,32,46.58,0.69,32.86,0.97
Bajaj Pulsar 150,Bike,Petrol,45,Highway_Light,422,63.82,6.61,43.3,9.74
Hyundai Creta,Car,Diesel,21,City_Moderate,66,33.13,1.99,14.16,4.66
Toyota Innova,Car,Diesel,15,City_Moderate,364,31.87,11.42,11.19,32.53
Maruti Swift,Car,Petrol,22,Highway_Light,231,64.78,3.57,21.03,10.98
Honda Activa,Bike,Petrol,50,Highway_Light,261,88.87,2.94,48.57,5.37
Honda Activa,Bike,Petrol,50,Mixed,402,54.81,7.33,37.36,10.76
Maruti Swift,Car,Petrol,22,City_Heavy,19,12.22,1.56,11.1,1.71
Honda Activa,Bike,Petrol,50,Mixed,183,40.94,4.47,39.39,4.65
Hyundai Creta,Car,Diesel,21,Mixed,56,56.9,0.98,17.37,3.22
Maruti Swift,Car,Petrol,22,Highway_Light,489,69.97,6.99,21.33,22.93
Bajaj Pulsar 150,Bike,Petrol,45,City_Moderate,175,30.08,5.82,30.69,5.7
Hyundai Creta,Car,Diesel,21,Highway_Light,331,71.59,4.62,20.88,15.85
Honda Activa,Bike,Petrol,50,Highway_Light,70,84.97,0.82,45.81,1.53
Maruti Swift,Car,Petrol,22,Highway_Light,138,78.26,1.76,20.45,6.75
Honda Activa,Bike,Petrol,50,Mixed,344,66.78,5.15,37.18,9.25
Maruti Swift,Car,Petrol,22,Highway_Light,352,74.25,4.74,20.99,16.77
Honda Activa,Bike,Petrol,50,Highway_Light,389,69.12,5.63,49.53,7.85
Toyota Innova,Car,Diesel,15,City_Moderate,120,33.81,3.55,10.28,11.67
Toyota Innova,Car,Diesel,15,City_Heavy,202,20.21,9.99,6.91,29.21
Maruti Swift,Car,Petrol,22,City_Moderate,169,42.31,3.99,15.04,11.24
Royal Enfield Classic 350,Bike,Petrol,35,Mixed,156,68.29,2.28,26.39,5.91
Toyota Innova,Car,Diesel,15,City_Moderate,100,38.95,2.57,9.97,10.03
Maruti Swift,Car,Petrol,22,City_Moderate,322,49.29,6.53,14.98,21.5
Bajaj Pulsar 150,Bike,Petrol,45,City_Heavy,299,19.94,14.99,26.66,11.21
Honda Activa,Bike,Petrol,50,City_Moderate,117,49.94,2.34,33.01,3.54
Honda Activa,Bike,Petrol,50,City_Moderate,6,37.57,0.16,32.67,0.18
Hyundai Creta,Car,Diesel,21,City_Moderate,489,33.63,14.54,12.82,38.15
Royal Enfield Classic 350,Bike,Petrol,35,City_Heavy,130,12.9,10.08,18.44,7.05
Toyota Innova,Car,Diesel,15,Mixed,164,56.59,2.9,11.97,13.7
Honda Activa,Bike,Petrol,50,City_Moderate,443,44.04,10.06,35.93,12.33
Bajaj Pulsar 150,Bike,Petrol,45,City_Heavy,259,26.06,9.94,20.14,12.86
Hyundai Creta,Car,Diesel,21,City_Heavy,102,22.67,4.5,10.38,9.83
Toyota Innova,Car,Diesel,15,Mixed,244,63.95,3.82,12.11,20.15
Royal Enfield Classic 350,Bike,Petrol,35,City_Moderate,191,29.66,6.44,22.06,8.66
Honda Activa,Bike,Petrol,50,City_Heavy,152,16.52,9.2,20.41,7.45
Royal Enfield Classic 350,Bike,Petrol,35,Highway_Light,350,80.48,4.35,32.27,10.85
Maruti Swift,Car,Petrol,22,City_Moderate,356,27.4,12.99,14.2,25.08
Hyundai Creta,Car,Diesel,21,Highway_Light,428,75.47,5.67,20.88,20.5
Honda Activa,Bike,Petrol,50,Highway_Light,133,87.03,1.53,49.68,2.68
Hyundai Creta,Car,Diesel,21,Mixed,438,67.74,6.47,17.79,24.62
Maruti Swift,Car,Petrol,22,City_Moderate,103,30.71,3.35,17.06,6.04
Bajaj Pulsar 150,Bike,Petrol,45,Mixed,116,56.66,2.05,33.07,3.51
Toyota Innova,Car,Diesel,15,City_Moderate,6,49.91,0.12,10.59,0.57
Hyundai Creta,Car,Diesel,21,City_Heavy,457,28.01,16.32,12.45,36.69
Royal Enfield Classic 350,Bike,Petrol,35,City_Moderate,13,31.97,0.41,25.43,0.51
Bajaj Pulsar 150,Bike,Petrol,45,Highway_Light,212,95.88,2.21,43.65,4.86
Bajaj Pulsar 150,Bike,Petrol,45,Mixed,124,66.63,1.86,39.48,3.14
Hyundai Creta,Car,Diesel,21,Mixed,117,44.85,2.61,18.27,6.4
Bajaj Pulsar 150,Bike,Petrol,45,City_Moderate,344,39.52,8.71,35.09,9.8
Bajaj Pulsar 150,Bike,Petrol,45,Mixed,477,59.91,7.96,34.85,13.69
Hyundai Creta,Car,Diesel,21,Mixed,388,49.16,7.89,14.72,26.36
Royal Enfield Classic 350,Bike,Petrol,35,City_Heavy,167,23.04,7.25,17.4,9.6
Honda Activa,Bike,Petrol,50,City_Heavy,165,10.36,15.92,22.24,7.42
Hyundai Creta,Car,Diesel,21,Highway_Light,308,89.86,3.43,19.94,15.45
Bajaj Pulsar 150,Bike,Petrol,45,City_Moderate,139,43.02,3.23,32.85,4.23
Honda Activa,Bike,Petrol,50,Mixed,180,42.81,4.2,38.08,4.73
Honda Activa,Bike,Petrol,50,City_Moderate,379,31.26,12.12,33.68,11.25
Hyundai Creta,Car,Diesel,21,City_Heavy,234,17.86,13.1,10.88,21.51
Toyota Innova,Car,Diesel,15,Highway_Light,287,77.38,3.71,14.84,19.34
Maruti Swift,Car,Petrol,22,City_Heavy,101,21.54,4.69,10.34,9.77
Royal Enfield Classic 350,Bike,Petrol,35,City_Heavy,457,14.6,31.29,17.45,26.19
Royal Enfield Classic 350,Bike,Petrol,35,Mixed,8,40.73,0.2,27.99,0.29
Honda Activa,Bike,Petrol,50,Highway_Light,21,99.78,0.21,48.23,0.44
Hyundai Creta,Car,Diesel,21,City_Heavy,50,28.3,1.77,10.37,4.82
Bajaj Pulsar 150,Bike,Petrol,45,Mixed,237,68.59,3.46,34.83,6.8
Honda Activa,Bike,Petrol,50,Highway_Light,306,98.67,3.1,46.65,6.56
Hyundai Creta,Car,Diesel,21,Mixed,485,42.26,11.48,18.75,25.87
Maruti Swift,Car,Petrol,22,City_Moderate,420,46.28,9.08,14.55,28.88
Royal Enfield Classic 350,Bike,Petrol,35,City_Heavy,132,17.45,7.56,16.22,8.14
Royal Enfield Classic 350,Bike,Petrol,35,City_Heavy,58,23.92,2.42,16.76,3.46
Royal Enfield Classic 350,Bike,Petrol,35,Highway_Light,284,68.36,4.15,33.5,8.48
Toyota Innova,Car,Diesel,15,City_Moderate,155,28.5,5.44,11.01,14.07
Royal Enfield Classic 350,Bike,Petrol,35,Highway_Light,390,72.9,5.35,33.31,11.71
Hyundai Creta,Car,Diesel,21,Mixed,397,61.07,6.5,18.26,21.74
Maruti Swift,Car,Petrol,22,Mixed,481,48.9,9.84,16.98,28.32
Maruti Swift,Car,Petrol,22,Mixed,310,66.01,4.7,17.25,17.97
Toyota Innova,Car,Diesel,15,Highway_Light,395,80.06,4.93,14.87,26.56
Royal Enfield Classic 350,Bike,Petrol,35,City_Heavy,325,11.42,28.46,19.59,16.59
Maruti Swift,Car,Petrol,22,Mixed,146,66.7,2.19,17.15,8.52
Honda Activa,Bike,Petrol,50,City_Moderate,96,39.47,2.43,33.38,2.88
Royal Enfield Classic 350,Bike,Petrol,35,City_Moderate,451,25.9,17.41,24.07,18.74
Bajaj Pulsar 150,Bike,Petrol,45,City_Moderate,67,49.55,1.35,31.19,2.15
Bajaj Pulsar 150,Bike,Petrol,45,City_Heavy,62,10.61,5.84,25.55,2.43
Hyundai Creta,Car,Diesel,21,Highway_Light,330,72.13,4.58,18.98,17.39
Toyota Innova,Car,Diesel,15,Mixed,105,55.67,1.89,12.11,8.67
Bajaj Pulsar 150,Bike,Petrol,45,City_Moderate,496,49.13,10.1,33.93,14.62
Hyundai Creta,Car,Diesel,21,City_Heavy,266,11.03,24.11,10.32,25.77
Bajaj Pulsar 150,Bike,Petrol,45,City_Moderate,51,42.49,1.2,31.78,1.6
Hyundai Creta,Car,Diesel,21,City_Moderate,148,49.4,3.0,13.18,11.23
Honda Activa,Bike,Petrol,50,Mixed,162,41.23,3.93,40.16,4.03
Maruti Swift,Car,Petrol,22,City_Heavy,279,18.78,14.86,10.55,26.43
Toyota Innova,Car,Diesel,15,City_Moderate,233,29.61,7.87,9.24,25.23
Bajaj Pulsar 150,Bike,Petrol,45,Mixed,131,60.88,2.15,32.23,4.06
Royal Enfield Classic 350,Bike,Petrol,35,City_Moderate,62,47.88,1.29,23.86,2.6
Maruti Swift,Car,Petrol,22,Mixed,100,56.48,1.77,17.35,5.76
Hyundai Creta,Car,Diesel,21,City_Heavy,492,28.69,17.15,11.4,43.15
Hyundai Creta,Car,Diesel,21,Mixed,193,62.14,3.11,17.38,11.1
Maruti Swift,Car,Petrol,22,City_Heavy,282,24.6,11.46,11.24,25.09
Toyota Innova,Car,Diesel,15,City_Moderate,158,33.9,4.66,9.14,17.28
Royal Enfield Classic 350,Bike,Petrol,35,City_Moderate,189,33.55,5.63,26.3,7.18
Bajaj Pulsar 150,Bike,Petrol,45,City_Moderate,51,26.02,1.96,27.83,1.83
Honda Activa,Bike,Petrol,50,Highway_Light,457,78.97,5.79,49.28,9.27
Honda Activa,Bike,Petrol,50,City_Moderate,436,45.17,9.65,30.98,14.07
Royal Enfield Classic 350,Bike,Petrol,35,Highway_Light,258,77.35,3.34,32.71,7.89
Toyota Innova,Car,Diesel,15,City_Heavy,14,28.98,0.48,7.2,1.95
Maruti Swift,Car,Petrol,22,City_Moderate,184,34.37,5.35,17.1,10.76
Honda Activa,Bike,Petrol,50,City_Moderate,446,37.53,11.89,36.26,12.3
Toyota Innova,Car,Diesel,15,Highway_Light,497,66.52,7.47,14.31,34.73
Toyota Innova,Car,Diesel,15,City_Moderate,251,48.61,5.16,9.21,27.25
Honda Activa,Bike,Petrol,50,Highway_Light,164,97.61,1.68,49.34,3.32
Toyota Innova,Car,Diesel,15,Mixed,182,57.2,3.18,12.23,14.89
Bajaj Pulsar 150,Bike,Petrol,45,City_Moderate,449,38.64,11.62,28.16,15.95
Maruti Swift,Car,Petrol,22,City_Heavy,327,26.41,12.38,12.94,25.27
Toyota Innova,Car,Diesel,15,City_Heavy,47,13.92,3.38,7.95,5.91
Royal Enfield Classic 350,Bike,Petrol,35,Mixed,99,51.32,1.93,24.99,3.96
Honda Activa,Bike,Petrol,50,Mixed,246,60.49,4.07,35.39,6.95
Hyundai Creta,Car,Diesel,21,City_Heavy,268,17.71,15.13,8.7,30.81
Bajaj Pulsar 150,Bike,Petrol,45,City_Heavy,422,15.21,27.74,24.13,17.49
Royal Enfield Classic 350,Bike,Petrol,35,Mixed,318,60.9,5.22,27.97,11.37
Toyota Innova,Car,Diesel,15,Highway_Light,417,61.57,6.77,14.44,28.87
Hyundai Creta,Car,Diesel,21,City_Moderate,253,38.7,6.54,14.36,17.62
Bajaj Pulsar 150,Bike,Petrol,45,Highway_Light,412,92.27,4.46,42.41,9.72
Royal Enfield Classic 350,Bike,Petrol,35,Mixed,500,43.83,11.41,31.43,15.91
Toyota Innova,Car,Diesel,15,City_Heavy,100,16.82,5.95,6.75,14.81
Royal Enfield Classic 350,Bike,Petrol,35,Mixed,41,47.16,0.87,31.02,1.32
Honda Activa,Bike,Petrol,50,City_Heavy,283,25.09,11.28,26.8,10.56
Hyundai Creta,Car,Diesel,21,City_Moderate,277,38.36,7.22,13.03,21.25
Bajaj Pulsar 150,Bike,Petrol,45,City_Moderate,221,33.0,6.7,31.47,7.02
Honda Activa,Bike,Petrol,50,City_Moderate,181,26.34,6.87,38.96,4.65
Royal Enfield Classic 350,Bike,Petrol,35,Mixed,407,42.74,9.52,31.21,13.04
Maruti Swift,Car,Petrol,22,City_Heavy,210,23.54,8.92,10.2,20.58
Honda Activa,Bike,Petrol,50,Highway_Light,371,63.33,5.86,47.41,7.82
Maruti Swift,Car,Petrol,22,City_Moderate,400,33.22,12.04,13.6,29.4
Hyundai Creta,Car,Diesel,21,City_Moderate,488,48.65,10.03,15.42,31.64
Hyundai Creta,Car,Diesel,21,Mixed,43,42.74,1.01,17.98,2.39
Maruti Swift,Car,Petrol,22,City_Moderate,427,49.9,8.56,15.38,27.77
Maruti Swift,Car,Petrol,22,Highway_Light,167,95.51,1.75,19.92,8.38
Toyota Innova,Car,Diesel,15,Highway_Light,150,98.75,1.52,14.03,10.69
Royal Enfield Classic 350,Bike,Petrol,35,Highway_Light,446,84.73,5.26,33.91,13.15
Honda Activa,Bike,Petrol,50,Mixed,11,52.78,0.21,36.01,0.31
Bajaj Pulsar 150,Bike,Petrol,45,Mixed,397,64.66,6.14,33.5,11.85
Royal Enfield Classic 350,Bike,Petrol,35,City_Moderate,9,37.83,0.24,25.94,0.35
Maruti Swift,Car,Petrol,22,City_Moderate,140,34.36,4.07,14.23,9.84
Maruti Swift,Car,Petrol,22,City_Heavy,149,28.94,5.15,10.43,14.28
Royal Enfield Classic 350,Bike,Petrol,35,City_Moderate,136,33.76,4.03,27.9,4.87
Bajaj Pulsar 150,Bike,Petrol,45,City_Heavy,279,25.54,10.92,24.37,11.45
Toyota Innova,Car,Diesel,15,Highway_Light,95,69.95,1.36,14.34,6.63
Hyundai Creta,Car,Diesel,21,City_Heavy,130,19.85,6.55,9.79,13.28
Toyota Innova,Car,Diesel,15,City_Heavy,224,21.43,10.45,6.03,37.12
Toyota Innova,Car,Diesel,15,Mixed,460,43.53,10.57,12.72,36.16
Bajaj Pulsar 150,Bike,Petrol,45,City_Heavy,5,23.62,0.21,23.84,0.21
Maruti Swift,Car,Petrol,22,City_Moderate,195,36.94,5.28,14.25,13.69
Toyota Innova,Car,Diesel,15,City_Heavy,421,14.47,29.09,6.25,67.37
Maruti Swift,Car,Petrol,22,Highway_Light,48,99.12,0.48,21.92,2.19
Toyota Innova,Car,Diesel,15,City_Moderate,307,47.28,6.49,10.67,28.78
Honda Activa,Bike,Petrol,50,Highway_Light,207,96.76,2.14,47.64,4.35
Honda Activa,Bike,Petrol,50,City_Heavy,151,29.39,5.14,22.53,6.7
Honda Activa,Bike,Petrol,50,City_Heavy,237,14.34,16.53,25.23,9.39
Bajaj Pulsar 150,Bike,Petrol,45,City_Moderate,5,40.69,0.12,29.65,0.17
Toyota Innova,Car,Diesel,15,City_Moderate,148,43.43,3.41,10.75,13.76
Bajaj Pulsar 150,Bike,Petrol,45,Mixed,334,68.51,4.88,39.74,8.41
Maruti Swift,Car,Petrol,22,City_Moderate,464,27.67,16.77,17.12,27.11
Bajaj Pulsar 150,Bike,Petrol,45,Highway_Light,126,67.52,1.87,42.01,3.0
Royal Enfield Classic 350,Bike,Petrol,35,City_Moderate,190,30.73,6.18,24.25,7.84
Toyota Innova,Car,Diesel,15,Mixed,361,69.23,5.21,11.3,31.95
Maruti Swift,Car,Petrol,22,Highway_Light,451,81.44,5.54,21.97,20.53
Toyota Innova,Car,Diesel,15,Highway_Light,216,84.11,2.57,13.96,15.47
Toyota Innova,Car,Diesel,15,City_Moderate,401,47.77,8.39,9.81,40.86
Honda Activa,Bike,Petrol,50,Mixed,86,52.5,1.64,43.23,1.99
Hyundai Creta,Car,Diesel,21,City_Moderate,413,35.46,11.65,15.04,27.46
Honda Activa,Bike,Petrol,50,Mixed,246,56.55,4.35,44.33,5.55
Hyundai Creta,Car,Diesel,21,City_Moderate,293,44.44,6.59,13.29,22.04
Honda Activa,Bike,Petrol,50,Mixed,243,44.51,5.46,39.8,6.1
Hyundai Creta,Car,Diesel,21,Mixed,67,51.79,1.29,17.2,3.9
Royal Enfield Classic 350,Bike,Petrol,35,City_Heavy,181,26.77,6.76,19.8,9.14
Bajaj Pulsar 150,Bike,Petrol,45,City_Moderate,103,28.35,3.63,31.22,3.3
Honda Activa,Bike,Petrol,50,City_Moderate,315,46.62,6.76,30.14,10.45
Hyundai Creta,Car,Diesel,21,City_Moderate,355,43.75,8.11,16.01,22.17
Honda Activa,Bike,Petrol,50,City_Moderate,27,44.22,0.61,39.13,0.69
Hyundai Creta,Car,Diesel,21,Mixed,462,51.34,9.0,18.67,24.75
Honda Activa,Bike,Petrol,50,City_Moderate,461,28.23,16.33,32.41,14.22
Toyota Innova,Car,Diesel,15,City_Moderate,209,30.18,6.92,11.86,17.62
Royal Enfield Classic 350,Bike,Petrol,35,Highway_Light,492,84.73,5.81,34.57,14.23
Honda Activa,Bike,Petrol,50,City_Moderate,76,25.55,2.97,33.58,2.26
Honda Activa,Bike,Petrol,50,Mixed,442,63.17,7.0,39.98,11.06
Maruti Swift,Car,Petrol,22,City_Moderate,272,45.41,5.99,15.49,17.56
Royal Enfield Classic 350,Bike,Petrol,35,City_Moderate,482,46.92,10.27,27.78,17.35
Royal Enfield Classic 350,Bike,Petrol,35,Highway_Light,116,79.2,1.46,32.91,3.52
Bajaj Pulsar 150,Bike,Petrol,45,City_Moderate,233,40.51,5.75,30.78,7.57
Bajaj Pulsar 150,Bike,Petrol,45,City_Moderate,439,47.58,9.23,33.34,13.17
Maruti Swift,Car,Petrol,22,City_Heavy,230,17.01,13.52,11.52,19.97
Toyota Innova,Car,Diesel,15,Mixed,290,56.64,5.12,12.27,23.64
Royal Enfield Classic 350,Bike,Petrol,35,City_Moderate,486,33.71,14.42,21.64,22.46
Royal Enfield Classic 350,Bike,Petrol,35,Mixed,476,67.31,7.07,28.1,16.94
Toyota Innova,Car,Diesel,15,City_Moderate,110,46.56,2.36,9.89,11.12
Honda Activa,Bike,Petrol,50,Mixed,392,53.78,7.29,44.5,8.81
Honda Activa,Bike,Petrol,50,Mixed,277,47.75,5.8,43.42,6.38
Hyundai Creta,Car,Diesel,21,City_Heavy,38,22.42,1.7,10.33,3.68
Honda Activa,Bike,Petrol,50,City_Heavy,130,22.67,5.73,23.47,5.54
Royal Enfield Classic 350,Bike,Petrol,35,City_Moderate,375,38.43,9.76,22.68,16.53
Royal Enfield Classic 350,Bike,Petrol,35,Mixed,340,44.56,7.63,27.72,12.27
Royal Enfield Classic 350,Bike,Petrol,35,Highway_Light,12,67.2,0.18,31.99,0.38
Hyundai Creta,Car,Diesel,21,City_Moderate,285,47.42,6.01,15.53,18.36
Maruti Swift,Car,Petrol,22,City_Heavy,97,29.46,3.29,10.89,8.91
Hyundai Creta,Car,Diesel,21,City_Moderate,55,26.02,2.11,15.13,3.64
Bajaj Pulsar 150,Bike,Petrol,45,City_Heavy,96,16.95,5.66,19.52,4.92
Toyota Innova,Car,Diesel,15,City_Heavy,330,12.41,26.59,6.1,54.14
Maruti Swift,Car,Petrol,22,City_Heavy,350,27.88,12.55,10.83,32.33
Maruti Swift,Car,Petrol,22,Highway_Light,222,87.62,2.53,20.08,11.05
Bajaj Pulsar 150,Bike,Petrol,45,Mixed,253,54.43,4.65,31.85,7.94
Honda Activa,Bike,Petrol,50,City_Moderate,60,46.84,1.28,36.88,1.63
Royal Enfield Classic 350,Bike,Petrol,35,Highway_Light,65,60.1,1.08,34.72,1.87
Maruti Swift,Car,Petrol,22,Highway_Light,12,89.93,0.13,21.71,0.55
Toyota Innova,Car,Diesel,15,Mixed,211,56.1,3.76,11.05,19.09
Hyundai Creta,Car,Diesel,21,Highway_Light,18,84.73,0.21,20.84,0.86
Hyundai Creta,Car,Diesel,21,Mixed,220,61.62,3.57,16.25,13.54
Honda Activa,Bike,Petrol,50,City_Heavy,191,15.05,12.69,20.62,9.26
Royal Enfield Classic 350,Bike,Petrol,35,City_Moderate,115,46.11,2.49,25.99,4.42
Royal Enfield Classic 350,Bike,Petrol,35,Mixed,497,66.02,7.53,29.75,16.71
Hyundai Creta,Car,Diesel,21,City_Moderate,375,31.06,12.07,14.09,26.62
Royal Enfield Classic 350,Bike,Petrol,35,Mixed,489,45.47,10.75,26.38,18.53
Toyota Innova,Car,Diesel,15,City_Heavy,277,14.23,19.47,7.69,36.01
Toyota Innova,Car,Diesel,15,Mixed,304,47.0,6.47,11.48,26.48
Bajaj Pulsar 150,Bike,Petrol,45,Highway_Light,29,87.16,0.33,42.04,0.69
Maruti Swift,Car,Petrol,22,Mixed,113,54.39,2.08,18.87,5.99
Bajaj Pulsar 150,Bike,Petrol,45,City_Moderate,474,39.67,11.95,32.26,14.69
Toyota Innova,Car,Diesel,15,City_Moderate,373,39.11,9.54,11.24,33.2
Toyota Innova,Car,Diesel,15,City_Moderate,105,34.08,3.08,10.14,10.36
Toyota Innova,Car,Diesel,15,Highway_Light,230,69.77,3.3,14.47,15.9
Maruti Swift,Car,Petrol,22,Mixed,458,58.17,7.87,17.59,26.03
Royal Enfield Classic 350,Bike,Petrol,35,Highway_Light,154,69.01,2.23,32.33,4.76
Maruti Swift,Car,Petrol,22,Highway_Light,116,66.43,1.75,20.6,5.63
Maruti Swift,Car,Petrol,22,City_Moderate,322,45.15,7.13,14.02,22.97
Royal Enfield Classic 350,Bike,Petrol,35,City_Moderate,141,27.01,5.22,21.39,6.59
Maruti Swift,Car,Petrol,22,City_Moderate,44,42.42,1.04,15.51,2.84
Maruti Swift,Car,Petrol,22,City_Heavy,10,17.96,0.56,13.19,0.76
Honda Activa,Bike,Petrol,50,Mixed,8,40.16,0.2,44.69,0.18
Hyundai Creta,Car,Diesel,21,City_Moderate,98,29.27,3.35,16.7,5.87
Hyundai Creta,Car,Diesel,21,Mixed,445,61.55,7.23,17.51,25.42
Toyota Innova,Car,Diesel,15,Mixed,30,48.4,0.62,12.11,2.48
Royal Enfield Classic 350,Bike,Petrol,35,City_Heavy,330,29.36,11.24,19.39,17.02
Maruti Swift,Car,Petrol,22,Highway_Light,216,80.3,2.69,21.36,10.11
Toyota Innova,Car,Diesel,15,Highway_Light,51,88.29,0.58,13.86,3.68
Bajaj Pulsar 150,Bike,Petrol,45,City_Heavy,42,21.62,1.94,24.91,1.69
Hyundai Creta,Car,Diesel,21,Highway_Light,360,72.83,4.94,19.22,18.73
Hyundai Creta,Car,Diesel,21,City_Heavy,394,16.73,23.55,10.89,36.17
Toyota Innova,Car,Diesel,15,City_Heavy,411,20.98,19.59,6.4,64.19
Toyota Innova,Car,Diesel,15,City_Moderate,172,45.25,3.8,9.61,17.91
Honda Activa,Bike,Petrol,50,Mixed,105,40.08,2.62,37.55,2.8
Maruti Swift,Car,Petrol,22,City_Heavy,403,19.43,20.74,9.31,43.27
Toyota Innova,Car,Diesel,15,City_Moderate,98,27.67,3.54,10.24,9.57
Honda Activa,Bike,Petrol,50,Highway_Light,448,98.6,4.54,49.25,9.1
Maruti Swift,Car,Petrol,22,Mixed,380,69.73,5.45,15.95,23.83
Hyundai Creta,Car,Diesel,21,City_Heavy,487,11.33,42.98,9.26,52.59
Maruti Swift,Car,Petrol,22,Mixed,410,41.44,9.89,18.66,21.97
Bajaj Pulsar 150,Bike,Petrol,45,City_Moderate,271,44.88,6.04,34.03,7.96
Royal Enfield Classic 350,Bike,Petrol,35,Mixed,290,64.75,4.48,25.91,11.19
Bajaj Pulsar 150,Bike,Petrol,45,Highway_Light,343,86.61,3.96,41.34,8.3
Bajaj Pulsar 150,Bike,Petrol,45,City_Moderate,136,32.9,4.13,31.71,4.29
Bajaj Pulsar 150,Bike,Petrol,45,City_Moderate,406,45.41,8.94,32.29,12.57
Honda Activa,Bike,Petrol,50,City_Heavy,18,27.99,0.64,24.39,0.74
Royal Enfield Classic 350,Bike,Petrol,35,City_Moderate,357,43.69,8.17,25.37,14.07
Maruti Swift,Car,Petrol,22,City_Heavy,157,17.11,9.18,11.01,14.26
Toyota Innova,Car,Diesel,15,City_Heavy,454,20.87,21.75,7.17,63.28
Royal Enfield Classic 350,Bike,Petrol,35,City_Heavy,439,20.86,21.05,20.35,21.58
Honda Activa,Bike,Petrol,50,City_Moderate,71,40.69,1.74,34.32,2.07
Bajaj Pulsar 150,Bike,Petrol,45,City_Moderate,452,29.17,15.5,30.01,15.06
Honda Activa,Bike,Petrol,50,Mixed,293,56.0,5.23,43.79,6.69
Hyundai Creta,Car,Diesel,21,City_Moderate,424,49.94,8.49,16.35,25.93
Royal Enfield Classic 350,Bike,Petrol,35,City_Moderate,489,44.46,11.0,26.27,18.62
Bajaj Pulsar 150,Bike,Petrol,45,Mixed,200,57.1,3.5,32.79,6.1
Royal Enfield Classic 350,Bike,Petrol,35,City_Moderate,127,43.87,2.9,26.34,4.82
Maruti Swift,Car,Petrol,22,Highway_Light,401,64.43,6.22,20.03,20.02
Honda Activa,Bike,Petrol,50,City_Heavy,220,22.08,9.96,28.46,7.73
Maruti Swift,Car,Petrol,22,Mixed,140,44.5,3.15,17.61,7.95
Royal Enfield Classic 350,Bike,Petrol,35,City_Heavy,336,25.44,13.21,15.6,21.53
Maruti Swift,Car,Petrol,22,City_Moderate,119,42.35,2.81,13.25,8.98
Hyundai Creta,Car,Diesel,21,Mixed,303,57.97,5.23,16.98,17.85
Toyota Innova,Car,Diesel,15,City_Moderate,258,47.71,5.41,11.48,22.47
Maruti Swift,Car,Petrol,22,City_Moderate,204,35.59,5.73,15.77,12.94
Honda Activa,Bike,Petrol,50,Mixed,367,44.6,8.23,37.88,9.69
Royal Enfield Classic 350,Bike,Petrol,35,City_Heavy,450,12.02,37.45,18.1,24.86
Toyota Innova,Car,Diesel,15,Mixed,108,66.16,1.63,11.27,9.58
Bajaj Pulsar 150,Bike,Petrol,45,City_Heavy,360,28.38,12.69,26.39,13.64
Maruti Swift,Car,Petrol,22,City_Moderate,297,42.68,6.96,16.68,17.81
Hyundai Creta,Car,Diesel,21,Mixed,96,51.23,1.87,15.34,6.26
Hyundai Creta,Car,Diesel,21,City_Heavy,55,24.73,2.22,8.69,6.33
Hyundai Creta,Car,Diesel,21,City_Moderate,218,47.77,4.56,16.52,13.19
Royal Enfield Classic 350,Bike,Petrol,35,City_Heavy,105,29.7,3.54,14.86,7.07
Maruti Swift,Car,Petrol,22,Mixed,186,65.12,2.86,19.09,9.74
Bajaj Pulsar 150,Bike,Petrol,45,Mixed,442,55.57,7.95,34.49,12.82
Bajaj Pulsar 150,Bike,Petrol,45,City_Moderate,153,34.48,4.44,32.32,4.73
Royal Enfield Classic 350,Bike,Petrol,35,City_Heavy,206,26.06,7.91,19.21,10.72
Honda Activa,Bike,Petrol,50,City_Heavy,429,12.29,34.92,20.05,21.4
Bajaj Pulsar 150,Bike,Petrol,45,Mixed,94,67.6,1.39,35.23,2.67
Toyota Innova,Car,Diesel,15,City_Heavy,214,19.62,10.91,7.04,30.4
Hyundai Creta,Car,Diesel,21,Mixed,132,46.74,2.82,18.56,7.11
Honda Activa,Bike,Petrol,50,City_Heavy,183,14.96,12.23,24.52,7.46
Royal Enfield Classic 350,Bike,Petrol,35,City_Moderate,184,35.47,5.19,25.04,7.35
Toyota Innova,Car,Diesel,15,Highway_Light,181,91.22,1.98,14.87,12.17
Royal Enfield Classic 350,Bike,Petrol,35,Highway_Light,158,60.52,2.61,32.47,4.87
Bajaj Pulsar 150,Bike,Petrol,45,City_Heavy,459,29.51,15.55,23.97,19.15
Toyota Innova,Car,Diesel,15,City_Heavy,152,18.29,8.31,7.38,20.6
Toyota Innova,Car,Diesel,15,City_Moderate,193,29.61,6.52,9.26,20.85
Bajaj Pulsar 150,Bike,Petrol,45,City_Heavy,228,11.34,20.1,20.7,11.02
Maruti Swift,Car,Petrol,22,Highway_Light,383,91.99,4.16,21.45,17.86
Hyundai Creta,Car,Diesel,21,City_Heavy,162,13.81,11.73,9.87,16.42
Toyota Innova,Car,Diesel,15,City_Moderate,290,45.91,6.32,9.11,31.83
Toyota Innova,Car,Diesel,15,Highway_Light,261,91.02,2.87,14.38,18.15
Honda Activa,Bike,Petrol,50,City_Heavy,198,20.69,9.57,24.53,8.07
Toyota Innova,Car,Diesel,15,Mixed,226,56.79,3.98,11.94,18.92
Hyundai Creta,Car,Diesel,21,Mixed,389,50.03,7.78,15.35,25.34
Bajaj Pulsar 150,Bike,Petrol,45,Highway_Light,135,74.93,1.8,40.84,3.31
Maruti Swift,Car,Petrol,22,City_Heavy,370,20.53,18.02,9.99,37.03
Hyundai Creta,Car,Diesel,21,Mixed,59,44.68,1.32,18.06,3.27
Bajaj Pulsar 150,Bike,Petrol,45,City_Moderate,353,35.2,10.03,33.44,10.56
Royal Enfield Classic 350,Bike,Petrol,35,City_Heavy,327,14.62,22.36,17.86,18.31
Toyota Innova,Car,Diesel,15,City_Heavy,332,12.08,27.48,8.02,41.42
Toyota Innova,Car,Diesel,15,Highway_Light,71,95.5,0.74,14.7,4.83
Toyota Innova,Car,Diesel,15,City_Moderate,268,27.49,9.75,10.67,25.12
Royal Enfield Classic 350,Bike,Petrol,35,City_Moderate,82,40.08,2.05,22.7,3.61
Honda Activa,Bike,Petrol,50,Highway_Light,404,75.89,5.32,49.03,8.24
Hyundai Creta,Car,Diesel,21,Highway_Light,473,76.26,6.2,20.3,23.3
Honda Activa,Bike,Petrol,50,City_Moderate,470,25.33,18.56,33.24,14.14
Toyota Innova,Car,Diesel,15,Highway_Light,155,93.93,1.65,13.63,11.37
Maruti Swift,Car,Petrol,22,Mixed,407,57.49,7.08,15.94,25.53
Honda Activa,Bike,Petrol,50,City_Moderate,6,47.77,0.13,34.21,0.18
Maruti Swift,Car,Petrol,22,City_Heavy,15,15.19,0.99,11.55,1.3
Royal Enfield Classic 350,Bike,Petrol,35,Mixed,475,41.03,11.58,27.16,17.49
Toyota Innova,Car,Diesel,15,Mixed,297,52.28,5.68,12.99,22.86
Maruti Swift,Car,Petrol,22,Mixed,230,65.83,3.49,17.83,12.9
Maruti Swift,Car,Petrol,22,Mixed,346,63.39,5.46,16.37,21.14
Maruti Swift,Car,Petrol,22,City_Moderate,162,37.19,4.36,13.7,11.82
Toyota Innova,Car,Diesel,15,Mixed,132,45.46,2.9,13.18,10.01
Bajaj Pulsar 150,Bike,Petrol,45,City_Heavy,213,15.37,13.85,22.36,9.52
Royal Enfield Classic 350,Bike,Petrol,35,City_Moderate,241,35.06,6.87,24.79,9.72
Hyundai Creta,Car,Diesel,21,Mixed,282,65.05,4.34,15.62,18.06
Hyundai Creta,Car,Diesel,21,Highway_Light,446,96.02,4.64,20.97,21.27
Honda Activa,Bike,Petrol,50,City_Moderate,297,25.46,11.67,36.91,8.05
Honda Activa,Bike,Petrol,50,Highway_Light,345,92.6,3.73,49.57,6.96
Bajaj Pulsar 150,Bike,Petrol,45,Mixed,38,56.63,0.67,35.98,1.06
Toyota Innova,Car,Diesel,15,City_Heavy,382,24.4,15.65,7.95,48.02
Hyundai Creta,Car,Diesel,21,Highway_Light,346,65.48,5.28,19.12,18.09
Hyundai Creta,Car,Diesel,21,Mixed,138,61.97,2.23,18.48,7.47
Bajaj Pulsar 150,Bike,Petrol,45,City_Heavy,241,23.3,10.34,20.26,11.9
Bajaj Pulsar 150,Bike,Petrol,45,Highway_Light,177,93.52,1.89,41.29,4.29
Toyota Innova,Car,Diesel,15,Mixed,194,55.57,3.49,11.71,16.56
Maruti Swift,Car,Petrol,22,City_Moderate,314,43.45,7.23,13.41,23.42
Honda Activa,Bike,Petrol,50,City_Moderate,296,44.27,6.69,30.83,9.6
Honda Activa,Bike,Petrol,50,Mixed,271,48.66,5.57,35.68,7.59
Toyota Innova,Car,Diesel,15,Mixed,117,61.65,1.9,11.57,10.11
Hyundai Creta,Car,Diesel,21,Highway_Light,314,79.04,3.97,20.18,15.56
Royal Enfield Classic 350,Bike,Petrol,35,City_Moderate,250,28.38,8.81,25.65,9.75
Toyota Innova,Car,Diesel,15,Mixed,254,40.94,6.2,11.95,21.25
Royal Enfield Classic 350,Bike,Petrol,35,Mixed,231,65.25,3.54,26.34,8.77
Toyota Innova,Car,Diesel,15,City_Heavy,369,13.09,28.18,8.54,43.21
Honda Activa,Bike,Petrol,50,Highway_Light,454,64.26,7.06,48.12,9.44
Hyundai Creta,Car,Diesel,21,City_Heavy,21,18.26,1.15,8.72,2.41
Royal Enfield Classic 350,Bike,Petrol,35,City_Moderate,108,35.87,3.01,25.93,4.16
Toyota Innova,Car,Diesel,15,Highway_Light,135,63.11,2.14,13.87,9.73
Maruti Swift,Car,Petrol,22,City_Heavy,439,15.44,28.43,8.81,49.83
Maruti Swift,Car,Petrol,22,City_Heavy,279,16.29,17.13,11.4,24.48
Bajaj Pulsar 150,Bike,Petrol,45,Mixed,309,44.1,7.01,38.77,7.97
Royal Enfield Classic 350,Bike,Petrol,35,Highway_Light,315,80.85,3.9,34.83,9.05
Maruti Swift,Car,Petrol,22,Highway_Light,84,94.92,0.88,19.99,4.2
Toyota Innova,Car,Diesel,15,City_Heavy,153,25.18,6.08,8.2,18.67
Bajaj Pulsar 150,Bike,Petrol,45,City_Moderate,468,46.23,10.12,33.52,13.96
Bajaj Pulsar 150,Bike,Petrol,45,City_Heavy,93,22.93,4.06,20.25,4.59
Royal Enfield Classic 350,Bike,Petrol,35,Mixed,493,68.32,7.22,29.35,16.8
Honda Activa,Bike,Petrol,50,Highway_Light,270,83.53,3.23,45.2,5.97
Toyota Innova,Car,Diesel,15,Highway_Light,286,82.72,3.46,15.0,19.07
Bajaj Pulsar 150,Bike,Petrol,45,Mixed,274,43.62,6.28,39.74,6.89
Bajaj Pulsar 150,Bike,Petrol,45,Highway_Light,375,96.98,3.87,43.79,8.56
Honda Activa,Bike,Petrol,50,City_Heavy,219,25.91,8.45,29.71,7.37
Toyota Innova,Car,Diesel,15,City_Moderate,376,46.11,8.15,11.24,33.47
Royal Enfield Classic 350,Bike,Petrol,35,Highway_Light,494,85.78,5.76,32.62,15.15
Honda Activa,Bike,Petrol,50,City_Heavy,156,14.6,10.68,26.5,5.89
Hyundai Creta,Car,Diesel,21,City_Moderate,102,47.12,2.16,13.11,7.78
Maruti Swift,Car,Petrol,22,Highway_Light,478,88.99,5.37,20.97,22.8
Bajaj Pulsar 150,Bike,Petrol,45,Mixed,19,64.12,0.3,32.09,0.59
Maruti Swift,Car,Petrol,22,City_Moderate,474,32.97,14.38,15.57,30.45
Royal Enfield Classic 350,Bike,Petrol,35,City_Moderate,20,35.67,0.56,25.38,0.79
Honda Activa,Bike,Petrol,50,Highway_Light,454,60.98,7.45,49.38,9.19
Royal Enfield Classic 350,Bike,Petrol,35,City_Heavy,418,10.0,41.78,20.09,20.81
Honda Activa,Bike,Petrol,50,Highway_Light,278,97.56,2.85,45.93,6.05
Maruti Swift,Car,Petrol,22,Highway_Light,43,60.38,0.71,21.56,1.99
Toyota Innova,Car,Diesel,15,Mixed,481,41.13,11.7,10.66,45.13
Toyota Innova,Car,Diesel,15,City_Moderate,276,46.84,5.89,10.44,26.44
Royal Enfield Classic 350,Bike,Petrol,35,Highway_Light,270,63.67,4.24,34.94,7.73
Hyundai Creta,Car,Diesel,21,Highway_Light,344,89.5,3.84,19.61,17.55
Honda Activa,Bike,Petrol,50,Highway_Light,7,78.69,0.09,46.19,0.15
Maruti Swift,Car,Petrol,22,Highway_Light,328,88.62,3.7,20.45,16.04
Maruti Swift,Car,Petrol,22,Mixed,436,40.54,10.76,17.99,24.23
Maruti Swift,Car,Petrol,22,City_Heavy,77,12.19,6.32,13.15,5.86
Maruti Swift,Car,Petrol,22,City_Moderate,456,30.46,14.97,14.92,30.56
Honda Activa,Bike,Petrol,50,Highway_Light,65,70.36,0.92,49.75,1.31
Royal Enfield Classic 350,Bike,Petrol,35,Mixed,299,66.37,4.5,28.62,10.45
Bajaj Pulsar 150,Bike,Petrol,45,City_Moderate,15,47.59,0.32,35.5,0.42
Bajaj Pulsar 150,Bike,Petrol,45,City_Moderate,203,49.78,4.08,35.9,5.65
Maruti Swift,Car,Petrol,22,Mixed,152,65.13,2.33,16.42,9.26
Maruti Swift,Car,Petrol,22,Highway_Light,247,80.51,3.07,20.31,12.16
Royal Enfield Classic 350,Bike,Petrol,35,City_Moderate,230,34.6,6.65,22.61,10.17
Hyundai Creta,Car,Diesel,21,City_Moderate,263,45.66,5.76,12.75,20.62
Maruti Swift,Car,Petrol,22,Mixed,58,69.07,0.84,18.92,3.06
Hyundai Creta,Car,Diesel,21,City_Heavy,103,21.95,4.69,12.11,8.5
Toyota Innova,Car,Diesel,15,Mixed,383,51.89,7.38,12.08,31.72
Honda Activa,Bike,Petrol,50,City_Moderate,66,49.91,1.32,37.58,1.76
Royal Enfield Classic 350,Bike,Petrol,35,City_Heavy,231,14.49,15.94,20.28,11.39
Royal Enfield Classic 350,Bike,Petrol,35,Mixed,499,41.05,12.16,26.07,19.14
Toyota Innova,Car,Diesel,15,Mixed,361,42.74,8.45,13.18,27.38
Honda Activa,Bike,Petrol,50,Mixed,327,48.19,6.79,43.77,7.47
Toyota Innova,Car,Diesel,15,Mixed,199,68.67,2.9,11.93,16.68
Honda Activa,Bike,Petrol,50,Mixed,13,49.87,0.26,43.62,0.3
Hyundai Creta,Car,Diesel,21,Mixed,399,42.61,9.36,18.61,21.44
Bajaj Pulsar 150,Bike,Petrol,45,Highway_Light,467,60.2,7.76,42.34,11.03
Toyota Innova,Car,Diesel,15,City_Heavy,180,19.92,9.04,8.09,22.26
Honda Activa,Bike,Petrol,50,Mixed,320,43.28,7.39,35.81,8.94
Royal Enfield Classic 350,Bike,Petrol,35,City_Heavy,465,27.02,17.21,20.26,22.95
Toyota Innova,Car,Diesel,15,City_Heavy,228,20.32,11.22,7.49,30.46
Toyota Innova,Car,Diesel,15,Mixed,327,50.43,6.48,13.22,24.74
Maruti Swift,Car,Petrol,22,Mixed,351,65.93,5.32,18.38,19.09
Hyundai Creta,Car,Diesel,21,Highway_Light,220,91.9,2.39,20.44,10.76
Honda Activa,Bike,Petrol,50,City_Heavy,357,13.15,27.15,26.58,13.43
Maruti Swift,Car,Petrol,22,City_Moderate,273,45.93,5.94,13.91,19.63
Maruti Swift,Car,Petrol,22,City_Moderate,174,27.65,6.29,16.27,10.7
Honda Activa,Bike,Petrol,50,Highway_Light,192,66.34,2.89,48.49,3.96
Hyundai Creta,Car,Diesel,21,City_Heavy,318,19.31,16.47,12.1,26.28
Hyundai Creta,Car,Diesel,21,City_Moderate,430,28.22,15.24,16.29,26.39
Toyota Innova,Car,Diesel,15,City_Heavy,162,28.17,5.75,7.01,23.13
Honda Activa,Bike,Petrol,50,City_Heavy,262,26.64,9.83,20.01,13.09
Hyundai Creta,Car,Diesel,21,Mixed,299,45.79,6.53,16.83,17.76
Bajaj Pulsar 150,Bike,Petrol,45,City_Moderate,159,49.53,3.21,27.76,5.73
Royal Enfield Classic 350,Bike,Petrol,35,Highway_Light,227,75.07,3.02,33.71,6.73
Maruti Swift,Car,Petrol,22,Mixed,369,63.4,5.82,15.44,23.9
Royal Enfield Classic 350,Bike,Petrol,35,Highway_Light,418,60.74,6.88,31.87,13.11
Toyota Innova,Car,Diesel,15,Highway_Light,486,73.67,6.6,14.15,34.35
Bajaj Pulsar 150,Bike,Petrol,45,Mixed,226,62.61,3.61,37.19,6.08
Hyundai Creta,Car,Diesel,21,Mixed,408,60.64,6.73,18.01,22.65
Royal Enfield Classic 350,Bike,Petrol,35,City_Moderate,223,29.16,7.65,21.47,10.38
Bajaj Pulsar 150,Bike,Petrol,45,Mixed,405,57.47,7.05,38.44,10.54
Royal Enfield Classic 350,Bike,Petrol,35,Mixed,478,42.24,11.32,26.92,17.76
Maruti Swift,Car,Petrol,22,Mixed,274,69.2,3.96,19.15,14.31
Hyundai Creta,Car,Diesel,21,Mixed,168,59.43,2.83,18.77,8.95
Honda Activa,Bike,Petrol,50,Highway_Light,464,60.98,7.61,47.97,9.67
Hyundai Creta,Car,Diesel,21,Mixed,138,51.16,2.7,14.79,9.33
Maruti Swift,Car,Petrol,22,City_Heavy,463,23.67,19.56,12.4,37.33
Honda Activa,Bike,Petrol,50,Highway_Light,434,78.74,5.51,47.23,9.19
Honda Activa,Bike,Petrol,50,City_Moderate,103,36.28,2.84,39.44,2.61
Hyundai Creta,Car,Diesel,21,City_Moderate,379,45.65,8.3,13.29,28.52
Maruti Swift,Car,Petrol,22,Highway_Light,292,63.3,4.61,20.46,14.27
Bajaj Pulsar 150,Bike,Petrol,45,City_Heavy,26,12.63,2.06,24.12,1.08
Honda Activa,Bike,Petrol,50,City_Heavy,386,13.02,29.64,28.68,13.46
Toyota Innova,Car,Diesel,15,City_Moderate,25,47.74,0.52,10.3,2.43
Toyota Innova,Car,Diesel,15,Mixed,88,51.93,1.69,13.07,6.73
Honda Activa,Bike,Petrol,50,City_Moderate,391,32.8,11.92,32.74,11.94
Honda Activa,Bike,Petrol,50,Mixed,426,46.9,9.08,38.21,11.15
Royal Enfield Classic 350,Bike,Petrol,35,City_Heavy,324,27.36,11.84,15.49,20.91
Bajaj Pulsar 150,Bike,Petrol,45,City_Moderate,278,46.61,5.96,33.43,8.31
Bajaj Pulsar 150,Bike,Petrol,45,City_Heavy,76,13.18,5.76,22.26,3.41
Honda Activa,Bike,Petrol,50,Mixed,97,63.3,1.53,37.04,2.62
Hyundai Creta,Car,Diesel,21,City_Heavy,178,20.61,8.64,11.64,15.29
Royal Enfield Classic 350,Bike,Petrol,35,City_Heavy,353,12.62,27.96,14.13,24.99
Honda Activa,Bike,Petrol,50,City_Moderate,320,49.19,6.51,30.33,10.55
Hyundai Creta,Car,Diesel,21,City_Heavy,19,19.63,0.97,9.18,2.07
Bajaj Pulsar 150,Bike,Petrol,45,Mixed,277,58.22,4.76,32.56,8.51
Bajaj Pulsar 150,Bike,Petrol,45,Highway_Light,13,68.02,0.19,41.61,0.31
Toyota Innova,Car,Diesel,15,Highway_Light,323,86.06,3.75,14.24,22.69
Hyundai Creta,Car,Diesel,21,City_Moderate,390,44.94,8.68,13.97,27.92
Bajaj Pulsar 150,Bike,Petrol,45,Highway_Light,209,65.98,3.17,41.9,4.99
Toyota Innova,Car,Diesel,15,Highway_Light,482,75.7,6.37,14.2,33.95
Honda Activa,Bike,Petrol,50,Mixed,99,61.66,1.61,39.8,2.49
Royal Enfield Classic 350,Bike,Petrol,35,Highway_Light,221,94.4,2.34,33.8,6.54
Hyundai Creta,Car,Diesel,21,Highway_Light,396,88.97,4.45,20.54,19.28
Maruti Swift,Car,Petrol,22,City_Moderate,45,31.05,1.45,16.5,2.73
Honda Activa,Bike,Petrol,50,Highway_Light,164,60.73,2.7,49.93,3.28
Hyundai Creta,Car,Diesel,21,Mixed,96,61.07,1.57,16.73,5.74
Honda Activa,Bike,Petrol,50,City_Moderate,420,48.53,8.65,35.6,11.8
Toyota Innova,Car,Diesel,15,City_Moderate,229,27.2,8.42,9.22,24.84
Honda Activa,Bike,Petrol,50,Mixed,421,64.74,6.5,38.51,10.93
Royal Enfield Classic 350,Bike,Petrol,35,City_Heavy,107,12.65,8.46,16.5,6.48
Toyota Innova,Car,Diesel,15,City_Moderate,178,42.33,4.21,10.7,16.63
Hyundai Creta,Car,Diesel,21,City_Moderate,110,29.19,3.77,16.05,6.85
Toyota Innova,Car,Diesel,15,Mixed,463,43.73,10.59,10.81,42.82
Honda Activa,Bike,Petrol,50,City_Heavy,13,28.72,0.45,28.96,0.45
Toyota Innova,Car,Diesel,15,City_Moderate,420,32.47,12.93,9.16,45.87
Royal Enfield Classic 350,Bike,Petrol,35,Mixed,332,61.42,5.41,31.05,10.69
Honda Activa,Bike,Petrol,50,City_Heavy,322,22.25,14.48,28.02,11.49
Hyundai Creta,Car,Diesel,21,Highway_Light,463,95.79,4.83,19.92,23.25
Maruti Swift,Car,Petrol,22,Highway_Light,318,91.35,3.48,21.0,15.14
Royal Enfield Classic 350,Bike,Petrol,35,City_Moderate,131,38.16,3.43,24.37,5.38
Maruti Swift,Car,Petrol,22,City_Heavy,463,24.5,18.9,12.02,38.52
Maruti Swift,Car,Petrol,22,City_Heavy,16,13.19,1.21,11.41,1.4
Royal Enfield Classic 350,Bike,Petrol,35,City_Heavy,126,16.58,7.6,20.1,6.27
Bajaj Pulsar 150,Bike,Petrol,45,City_Moderate,177,29.55,5.99,31.23,5.67
Royal Enfield Classic 350,Bike,Petrol,35,Highway_Light,187,61.75,3.03,34.26,5.46
Hyundai Creta,Car,Diesel,21,Highway_Light,458,88.77,5.16,19.24,23.81
Hyundai Creta,Car,Diesel,21,Mixed,356,56.27,6.33,15.66,22.73
Honda Activa,Bike,Petrol,50,Highway_Light,416,67.98,6.12,47.47,8.76
Hyundai Creta,Car,Diesel,21,Mixed,97,52.55,1.85,17.56,5.52
Toyota Innova,Car,Diesel,15,City_Heavy,395,19.25,20.52,6.61,59.75
Hyundai Creta,Car,Diesel,21,City_Moderate,163,35.4,4.6,16.25,10.03
Toyota Innova,Car,Diesel,15,City_Moderate,297,33.65,8.83,11.54,25.74
Bajaj Pulsar 150,Bike,Petrol,45,Mixed,24,55.15,0.44,34.84,0.69
Hyundai Creta,Car,Diesel,21,Highway_Light,439,83.15,5.28,20.04,21.91
Bajaj Pulsar 150,Bike,Petrol,45,City_Heavy,121,17.91,6.76,21.95,5.51
Bajaj Pulsar 150,Bike,Petrol,45,Highway_Light,339,96.03,3.53,43.23,7.84
Maruti Swift,Car,Petrol,22,Highway_Light,430,99.69,4.31,20.73,20.75
Toyota Innova,Car,Diesel,15,Mixed,129,46.32,2.78,11.35,11.36
Maruti Swift,Car,Petrol,22,Mixed,44,65.08,0.68,18.14,2.43
Honda Activa,Bike,Petrol,50,Mixed,286,61.47,4.65,37.36,7.66
Honda Activa,Bike,Petrol,50,City_Heavy,91,22.65,4.02,29.09,3.13
Honda Activa,Bike,Petrol,50,Mixed,6,45.43,0.13,38.73,0.15
Bajaj Pulsar 150,Bike,Petrol,45,City_Moderate,497,35.93,13.83,34.69,14.33
Honda Activa,Bike,Petrol,50,City_Heavy,385,18.91,20.36,20.97,18.36
Toyota Innova,Car,Diesel,15,City_Moderate,477,41.57,11.48,10.54,45.24
Bajaj Pulsar 150,Bike,Petrol,45,Highway_Light,149,75.64,1.97,40.93,3.64
Maruti Swift,Car,Petrol,22,Highway_Light,70,94.32,0.74,21.93,3.19
Royal Enfield Classic 350,Bike,Petrol,35,City_Moderate,453,44.34,10.22,21.06,21.51
Toyota Innova,Car,Diesel,15,City_Heavy,305,14.74,20.69,6.39,47.71
Toyota Innova,Car,Diesel,15,City_Moderate,14,26.84,0.52,9.7,1.44
Royal Enfield Classic 350,Bike,Petrol,35,Highway_Light,462,77.95,5.93,32.09,14.4
Hyundai Creta,Car,Diesel,21,Highway_Light,365,77.24,4.73,20.31,17.98
Royal Enfield Classic 350,Bike,Petrol,35,Mixed,175,68.46,2.56,26.24,6.67
Maruti Swift,Car,Petrol,22,Highway_Light,378,66.7,5.67,20.36,18.57
Toyota Innova,Car,Diesel,15,Highway_Light,425,74.27,5.72,13.56,31.35
Honda Activa,Bike,Petrol,50,Highway_Light,309,93.77,3.3,47.67,6.48
Maruti Swift,Car,Petrol,22,City_Moderate,160,46.61,3.43,16.74,9.56
Toyota Innova,Car,Diesel,15,Highway_Light,255,64.48,3.95,14.34,17.79
Toyota Innova,Car,Diesel,15,Mixed,134,43.69,3.07,11.31,11.85
Royal Enfield Classic 350,Bike,Petrol,35,Highway_Light,286,61.57,4.64,32.31,8.85
Royal Enfield Classic 350,Bike,Petrol,35,City_Moderate,202,29.5,6.85,21.85,9.24
Hyundai Creta,Car,Diesel,21,City_Heavy,165,20.14,8.19,8.77,18.81
Bajaj Pulsar 150,Bike,Petrol,45,City_Moderate,494,34.93,14.14,27.37,18.05
Hyundai Creta,Car,Diesel,21,City_Moderate,255,25.12,10.15,14.62,17.45
Hyundai Creta,Car,Diesel,21,Mixed,310,69.19,4.48,18.7,16.58
Maruti Swift,Car,Petrol,22,Highway_Light,188,80.62,2.33,21.08,8.92
Honda Activa,Bike,Petrol,50,City_Heavy,432,20.64,20.93,24.89,17.36
Toyota Innova,Car,Diesel,15,City_Moderate,130,32.7,3.98,9.38,13.86
Honda Activa,Bike,Petrol,50,City_Moderate,238,43.32,5.49,37.05,6.42
Toyota Innova,Car,Diesel,15,City_Heavy,345,11.88,29.05,6.49,53.18
Maruti Swift,Car,Petrol,22,City_Moderate,356,30.86,11.53,16.16,22.03
Maruti Swift,Car,Petrol,22,Mixed,179,60.78,2.95,19.64,9.11
Hyundai Creta,Car,Diesel,21,Mixed,222,51.23,4.33,18.22,12.18
Bajaj Pulsar 150,Bike,Petrol,45,Mixed,470,58.54,8.03,31.66,14.85
Bajaj Pulsar 150,Bike,Petrol,45,Highway_Light,236,90.74,2.6,44.41,5.31
Royal Enfield Classic 350,Bike,Petrol,35,Highway_Light,349,87.58,3.98,31.9,10.94
Maruti Swift,Car,Petrol,22,City_Moderate,151,48.52,3.11,16.18,9.33
Bajaj Pulsar 150,Bike,Petrol,45,City_Heavy,308,23.02,13.38,25.44,12.11
Maruti Swift,Car,Petrol,22,City_Heavy,224,13.19,16.99,9.27,24.17
Toyota Innova,Car,Diesel,15,Highway_Light,67,99.09,0.68,14.41,4.65
Maruti Swift,Car,Petrol,22,Highway_Light,180,90.1,2.0,20.7,8.7
Royal Enfield Classic 350,Bike,Petrol,35,City_Moderate,163,43.46,3.75,21.63,7.53
Toyota Innova,Car,Diesel,15,Mixed,385,62.96,6.12,13.14,29.31
Toyota Innova,Car,Diesel,15,Highway_Light,23,92.31,0.25,14.89,1.54
Bajaj Pulsar 150,Bike,Petrol,45,Mixed,493,49.52,9.96,38.36,12.85
Toyota Innova,Car,Diesel,15,City_Moderate,133,28.01,4.75,11.61,11.46
Maruti Swift,Car,Petrol,22,City_Heavy,93,16.57,5.61,11.2,8.31
Honda Activa,Bike,Petrol,50,City_Moderate,203,39.09,5.19,36.3,5.59
Bajaj Pulsar 150,Bike,Petrol,45,Mixed,97,53.46,1.81,34.92,2.78
Honda Activa,Bike,Petrol,50,City_Moderate,295,30.68,9.61,32.38,9.11
Bajaj Pulsar 150,Bike,Petrol,45,City_Heavy,359,13.37,26.85,18.66,19.24
Royal Enfield Classic 350,Bike,Petrol,35,City_Heavy,454,19.27,23.56,18.5,24.54
Hyundai Creta,Car,Diesel,21,City_Heavy,286,29.03,9.85,10.0,28.61
Hyundai Creta,Car,Diesel,21,Highway_Light,416,61.03,6.82,20.68,20.12
Toyota Innova,Car,Diesel,15,Highway_Light,16,65.96,0.24,14.01,1.14
Royal Enfield Classic 350,Bike,Petrol,35,Mixed,467,56.01,8.34,28.19,16.57
Maruti Swift,Car,Petrol,22,City_Moderate,436,38.74,11.26,15.87,27.46
Honda Activa,Bike,Petrol,50,Highway_Light,368,98.22,3.75,48.73,7.55
Hyundai Creta,Car,Diesel,21,Highway_Light,411,77.23,5.32,18.94,21.7
Hyundai Creta,Car,Diesel,21,City_Heavy,121,27.96,4.33,12.17,9.95
Bajaj Pulsar 150,Bike,Petrol,45,City_Heavy,207,17.6,11.76,20.19,10.25
Toyota Innova,Car,Diesel,15,City_Moderate,145,33.79,4.29,9.59,15.12
Bajaj Pulsar 150,Bike,Petrol,45,Highway_Light,385,84.69,4.55,40.96,9.4
Royal Enfield Classic 350,Bike,Petrol,35,City_Heavy,498,16.15,30.84,17.66,28.2
Hyundai Creta,Car,Diesel,21,Mixed,295,57.43,5.14,18.07,16.32
Bajaj Pulsar 150,Bike,Petrol,45,City_Moderate,162,42.9,3.78,27.81,5.83
Royal Enfield Classic 350,Bike,Petrol,35,City_Moderate,136,45.58,2.98,22.91,5.94
Toyota Innova,Car,Diesel,15,City_Moderate,267,42.03,6.35,10.57,25.27
Royal Enfield Classic 350,Bike,Petrol,35,City_Heavy,401,13.69,29.29,15.27,26.26
Royal Enfield Classic 350,Bike,Petrol,35,City_Heavy,245,21.35,11.48,16.07,15.25
Honda Activa,Bike,Petrol,50,Highway_Light,40,76.98,0.52,46.28,0.86
Honda Activa,Bike,Petrol,50,City_Heavy,314,21.0,14.95,20.87,15.05
Hyundai Creta,Car,Diesel,21,Highway_Light,366,64.49,5.68,18.99,19.27
Royal Enfield Classic 350,Bike,Petrol,35,City_Moderate,410,45.48,9.02,21.02,19.51
Bajaj Pulsar 150,Bike,Petrol,45,Mixed,397,63.81,6.22,39.46,10.06
Bajaj Pulsar 150,Bike,Petrol,45,City_Heavy,476,18.22,26.12,23.82,19.98
Toyota Innova,Car,Diesel,15,City_Moderate,76,44.25,1.72,11.52,6.6
Bajaj Pulsar 150,Bike,Petrol,45,Mixed,351,63.42,5.53,36.51,9.61
Hyundai Creta,Car,Diesel,21,City_Moderate,23,46.28,0.5,13.75,1.67
Toyota Innova,Car,Diesel,15,City_Moderate,349,27.39,12.74,11.01,31.69
Bajaj Pulsar 150,Bike,Petrol,45,Mixed,485,52.72,9.2,37.11,13.07
Maruti Swift,Car,Petrol,22,City_Heavy,53,24.74,2.14,9.47,5.59
Honda Activa,Bike,Petrol,50,Mixed,123,56.06,2.19,43.63,2.82
Maruti Swift,Car,Petrol,22,City_Moderate,297,41.05,7.24,13.99,21.24
Honda Activa,Bike,Petrol,50,City_Moderate,164,40.95,4.0,36.07,4.55
Bajaj Pulsar 150,Bike,Petrol,45,Mixed,81,57.83,1.4,33.81,2.4
Bajaj Pulsar 150,Bike,Petrol,45,Highway_Light,262,70.98,3.69,42.74,6.13
Honda Activa,Bike,Petrol,50,Highway_Light,150,76.17,1.97,47.99,3.13
Maruti Swift,Car,Petrol,22,City_Heavy,171,24.49,6.98,10.68,16.01
Royal Enfield Classic 350,Bike,Petrol,35,City_Heavy,284,12.57,22.6,14.11,20.13
Honda Activa,Bike,Petrol,50,Highway_Light,222,73.49,3.02,45.52,4.88
Hyundai Creta,Car,Diesel,21,Mixed,113,42.38,2.67,18.5,6.11
Honda Activa,Bike,Petrol,50,Mixed,357,57.87,6.17,35.86,9.96
Bajaj Pulsar 150,Bike,Petrol,45,City_Heavy,357,14.53,24.56,21.61,16.52
Royal Enfield Classic 350,Bike,Petrol,35,City_Moderate,200,36.06,5.55,23.48,8.52
Royal Enfield Classic 350,Bike,Petrol,35,Mixed,448,64.01,7.0,30.32,14.77
Royal Enfield Classic 350,Bike,Petrol,35,Highway_Light,153,70.85,2.16,32.32,4.73
Bajaj Pulsar 150,Bike,Petrol,45,City_Moderate,71,38.32,1.85,32.34,2.2
Honda Activa,Bike,Petrol,50,Highway_Light,263,67.61,3.89,46.62,5.64
Maruti Swift,Car,Petrol,22,City_Moderate,176,41.55,4.24,13.43,13.1
Royal Enfield Classic 350,Bike,Petrol,35,Mixed,358,53.39,6.71,28.4,12.6
Hyundai Creta,Car,Diesel,21,City_Moderate,154,39.06,3.94,14.0,11.0
Toyota Innova,Car,Diesel,15,Highway_Light,337,85.4,3.95,14.94,22.56
Bajaj Pulsar 150,Bike,Petrol,45,City_Moderate,315,38.4,8.2,33.79,9.32
Honda Activa,Bike,Petrol,50,Mixed,125,64.65,1.93,35.97,3.48
Bajaj Pulsar 150,Bike,Petrol,45,Highway_Light,404,86.6,4.67,40.51,9.97
Bajaj Pulsar 150,Bike,Petrol,45,City_Heavy,148,17.65,8.39,25.16,5.88
Bajaj Pulsar 150,Bike,Petrol,45,Highway_Light,119,66.1,1.8,41.04,2.9
Honda Activa,Bike,Petrol,50,Highway_Light,364,90.74,4.01,49.96,7.29
Hyundai Creta,Car,Diesel,21,City_Heavy,290,20.42,14.2,9.42,30.77
Maruti Swift,Car,Petrol,22,Mixed,470,63.64,7.39,18.14,25.9
Bajaj Pulsar 150,Bike,Petrol,45,City_Moderate,276,37.67,7.33,34.78,7.94
Royal Enfield Classic 350,Bike,Petrol,35,City_Moderate,146,27.94,5.23,22.12,6.6
Toyota Innova,Car,Diesel,15,Mixed,241,50.8,4.74,11.18,21.55
Royal Enfield Classic 350,Bike,Petrol,35,City_Heavy,479,14.78,32.41,14.61,32.78
Honda Activa,Bike,Petrol,50,City_Heavy,327,17.94,18.23,25.1,13.03
Hyundai Creta,Car,Diesel,21,Mixed,200,66.2,3.02,16.58,12.06
Hyundai Creta,Car,Diesel,21,Mixed,410,54.91,7.47,15.38,26.66
Royal Enfield Classic 350,Bike,Petrol,35,City_Heavy,105,17.82,5.89,20.95,5.01
Toyota Innova,Car,Diesel,15,City_Heavy,53,12.33,4.3,7.5,7.06
Honda Activa,Bike,Petrol,50,City_Heavy,295,23.49,12.56,28.17,10.47
Maruti Swift,Car,Petrol,22,City_Moderate,466,45.15,10.32,15.54,29.98
Hyundai Creta,Car,Diesel,21,City_Moderate,440,45.47,9.68,15.92,27.64
Maruti Swift,Car,Petrol,22,Mixed,167,45.21,3.69,16.82,9.93
Maruti Swift,Car,Petrol,22,Mixed,470,68.72,6.84,18.46,25.46
Bajaj Pulsar 150,Bike,Petrol,45,City_Heavy,270,26.45,10.21,23.16,11.66
Hyundai Creta,Car,Diesel,21,City_Moderate,314,32.84,9.56,13.16,23.87
Toyota Innova,Car,Diesel,15,City_Heavy,325,22.13,14.69,7.82,41.56
Royal Enfield Classic 350,Bike,Petrol,35,City_Heavy,385,16.35,23.55,19.35,19.89
Honda Activa,Bike,Petrol,50,Highway_Light,394,65.85,5.98,49.76,7.92
Hyundai Creta,Car,Diesel,21,City_Heavy,396,19.56,20.24,9.94,39.82
Royal Enfield Classic 350,Bike,Petrol,35,City_Moderate,83,49.08,1.69,24.54,3.38
Royal Enfield Classic 350,Bike,Petrol,35,City_Heavy,292,12.44,23.47,17.85,16.36
Bajaj Pulsar 150,Bike,Petrol,45,City_Heavy,35,20.12,1.74,23.35,1.5
Royal Enfield Classic 350,Bike,Petrol,35,Highway_Light,320,94.06,3.4,33.04,9.69
Royal Enfield Classic 350,Bike,Petrol,35,Mixed,47,58.59,0.8,24.5,1.92
Bajaj Pulsar 150,Bike,Petrol,45,City_Heavy,471,17.73,26.57,23.85,19.75
Maruti Swift,Car,Petrol,22,Highway_Light,422,78.39,5.38,21.04,20.06
Toyota Innova,Car,Diesel,15,City_Heavy,271,25.09,10.8,6.17,43.89
Bajaj Pulsar 150,Bike,Petrol,45,City_Heavy,467,29.67,15.74,23.58,19.81
Hyundai Creta,Car,Diesel,21,Mixed,103,42.24,2.44,15.7,6.56
Royal Enfield Classic 350,Bike,Petrol,35,City_Moderate,498,27.53,18.09,26.48,18.81
Maruti Swift,Car,Petrol,22,City_Moderate,256,40.45,6.33,16.25,15.76
Hyundai Creta,Car,Diesel,21,City_Heavy,44,26.28,1.67,11.06,3.98
Bajaj Pulsar 150,Bike,Petrol,45,Mixed,312,45.21,6.9,37.04,8.42
Hyundai Creta,Car,Diesel,21,Highway_Light,426,77.04,5.53,20.28,21.01
Bajaj Pulsar 150,Bike,Petrol,45,City_Moderate,120,35.12,3.42,28.18,4.26
Maruti Swift,Car,Petrol,22,City_Moderate,487,34.19,14.24,16.08,30.29
Hyundai Creta,Car,Diesel,21,City_Moderate,18,29.42,0.61,14.34,1.26
Maruti Swift,Car,Petrol,22,City_Moderate,137,25.28,5.42,14.9,9.19
Hyundai Creta,Car,Diesel,21,City_Heavy,223,18.37,12.14,10.15,21.98
Toyota Innova,Car,Diesel,15,Mixed,153,62.81,2.44,12.87,11.89
Toyota Innova,Car,Diesel,15,City_Moderate,427,40.47,10.55,9.41,45.37
Honda Activa,Bike,Petrol,50,Mixed,478,47.24,10.12,38.24,12.5
Honda Activa,Bike,Petrol,50,City_Heavy,342,11.29,30.29,29.76,11.49
Bajaj Pulsar 150,Bike,Petrol,45,Highway_Light,469,64.39,7.28,40.69,11.53
Honda Activa,Bike,Petrol,50,Mixed,195,54.98,3.55,40.48,4.82
Hyundai Creta,Car,Diesel,21,Mixed,121,54.65,2.21,15.82,7.65
Maruti Swift,Car,Petrol,22,Mixed,56,47.3,1.18,16.06,3.49
Honda Activa,Bike,Petrol,50,Mixed,231,51.28,4.5,41.52,5.56
Toyota Innova,Car,Diesel,15,City_Heavy,426,17.85,23.87,7.18,59.3
Maruti Swift,Car,Petrol,22,Mixed,117,68.66,1.7,19.61,5.97
Bajaj Pulsar 150,Bike,Petrol,45,Mixed,397,68.28,5.81,38.58,10.29
Honda Activa,Bike,Petrol,50,City_Heavy,52,15.09,3.45,28.09,1.85
Bajaj Pulsar 150,Bike,Petrol,45,Highway_Light,318,70.12,4.53,44.28,7.18
Bajaj Pulsar 150,Bike,Petrol,45,Highway_Light,288,85.49,3.37,44.02,6.54
Toyota Innova,Car,Diesel,15,Highway_Light,447,78.0,5.73,14.49,30.85
Maruti Swift,Car,Petrol,22,City_Heavy,405,11.33,35.74,9.8,41.33
Hyundai Creta,Car,Diesel,21,City_Moderate,471,27.64,17.04,14.78,31.87
Maruti Swift,Car,Petrol,22,Mixed,91,60.41,1.51,19.75,4.61
Maruti Swift,Car,Petrol,22,City_Heavy,91,24.33,3.74,8.98,10.13
Maruti Swift,Car,Petrol,22,Highway_Light,412,64.21,6.42,19.96,20.64
Royal Enfield Classic 350,Bike,Petrol,35,Highway_Light,152,89.5,1.7,31.62,4.81
Honda Activa,Bike,Petrol,50,City_Moderate,370,49.79,7.43,33.53,11.03
Toyota Innova,Car,Diesel,15,City_Moderate,215,41.53,5.18,11.91,18.05
Hyundai Creta,Car,Diesel,21,Highway_Light,495,76.49,6.47,19.29,25.66
Toyota Innova,Car,Diesel,15,Highway_Light,356,62.75,5.67,14.32,24.85
Hyundai Creta,Car,Diesel,21,City_Moderate,115,27.05,4.25,14.38,8.0
Honda Activa,Bike,Petrol,50,City_Heavy,227,25.65,8.85,29.68,7.65
Honda Activa,Bike,Petrol,50,City_Moderate,333,34.55,9.64,32.28,10.32
Maruti Swift,Car,Petrol,22,Mixed,53,47.66,1.11,16.31,3.25
Maruti Swift,Car,Petrol,22,Highway_Light,109,85.76,1.27,20.37,5.35
Bajaj Pulsar 150,Bike,Petrol,45,Mixed,194,66.87,2.9,36.27,5.35
Toyota Innova,Car,Diesel,15,Mixed,168,48.78,3.44,11.47,14.65
Bajaj Pulsar 150,Bike,Petrol,45,City_Moderate,378,37.15,10.17,35.82,10.55
Honda Activa,Bike,Petrol,50,Mixed,404,64.35,6.28,44.2,9.14
Bajaj Pulsar 150,Bike,Petrol,45,Mixed,15,41.31,0.36,37.41,0.4
Royal Enfield Classic 350,Bike,Petrol,35,Highway_Light,406,68.98,5.89,31.89,12.73
Bajaj Pulsar 150,Bike,Petrol,45,City_Heavy,319,21.0,15.19,21.35,14.94
Royal Enfield Classic 350,Bike,Petrol,35,City_Moderate,118,48.58,2.43,23.72,4.97
Hyundai Creta,Car,Diesel,21,Highway_Light,217,87.04,2.49,19.41,11.18
Royal Enfield Classic 350,Bike,Petrol,35,Mixed,117,59.37,1.97,27.97,4.18
Toyota Innova,Car,Diesel,15,City_Heavy,36,16.34,2.2,6.86,5.25
Toyota Innova,Car,Diesel,15,Highway_Light,272,96.76,2.81,14.82,18.35
Maruti Swift,Car,Petrol,22,City_Heavy,401,14.42,27.81,9.91,40.46
Bajaj Pulsar 150,Bike,Petrol,45,City_Moderate,306,43.21,7.08,35.81,8.55
Hyundai Creta,Car,Diesel,21,City_Heavy,240,11.08,21.67,11.66,20.58
Bajaj Pulsar 150,Bike,Petrol,45,City_Moderate,154,49.62,3.1,29.88,5.15
Toyota Innova,Car,Diesel,15,City_Moderate,289,43.2,6.69,11.81,24.47
Bajaj Pulsar 150,Bike,Petrol,45,City_Moderate,217,43.15,5.03,27.97,7.76
Royal Enfield Classic 350,Bike,Petrol,35,Mixed,99,54.65,1.81,30.22,3.28
Toyota Innova,Car,Diesel,15,Highway_Light,48,89.31,0.54,13.73,3.5
Honda Activa,Bike,Petrol,50,City_Moderate,193,43.59,4.43,35.42,5.45
Honda Activa,Bike,Petrol,50,Mixed,122,56.95,2.14,41.12,2.97
Hyundai Creta,Car,Diesel,21,City_Heavy,299,21.54,13.88,11.29,26.48
Toyota Innova,Car,Diesel,15,Mixed,233,44.8,5.2,13.13,17.74
Bajaj Pulsar 150,Bike,Petrol,45,City_Heavy,148,26.24,5.64,22.15,6.68
Hyundai Creta,Car,Diesel,21,Highway_Light,7,99.67,0.07,20.46,0.34
Hyundai Creta,Car,Diesel,21,Highway_Light,228,95.19,2.4,19.11,11.93
Bajaj Pulsar 150,Bike,Petrol,45,Highway_Light,477,82.2,5.8,43.46,10.98
Honda Activa,Bike,Petrol,50,Mixed,235,58.45,4.02,42.33,5.55
Honda Activa,Bike,Petrol,50,Highway_Light,116,91.35,1.27,48.44,2.39
Royal Enfield Classic 350,Bike,Petrol,35,Mixed,90,65.44,1.38,28.38,3.17
Hyundai Creta,Car,Diesel,21,Mixed,16,62.37,0.26,18.23,0.88
Bajaj Pulsar 150,Bike,Petrol,45,Mixed,422,62.76,6.72,33.32,12.66
Toyota Innova,Car,Diesel,15,City_Moderate,404,28.72,14.07,11.04,36.61
Honda Activa,Bike,Petrol,50,City_Moderate,316,37.55,8.42,33.06,9.56
Maruti Swift,Car,Petrol,22,City_Moderate,115,36.22,3.18,13.75,8.36
Bajaj Pulsar 150,Bike,Petrol,45,City_Heavy,28,14.34,1.95,24.5,1.14
Royal Enfield Classic 350,Bike,Petrol,35,City_Heavy,234,18.25,12.82,14.96,15.64
Royal Enfield Classic 350,Bike,Petrol,35,Highway_Light,409,61.16,6.69,33.93,12.05
Bajaj Pulsar 150,Bike,Petrol,45,City_Heavy,192,25.88,7.42,19.5,9.85
Royal Enfield Classic 350,Bike,Petrol,35,Highway_Light,123,94.97,1.3,31.83,3.86
Maruti Swift,Car,Petrol,22,Highway_Light,7,62.59,0.11,20.92,0.33
Bajaj Pulsar 150,Bike,Petrol,45,Mixed,59,61.09,0.97,36.72,1.61
Maruti Swift,Car,Petrol,22,City_Heavy,28,23.53,1.19,9.03,3.1
Maruti Swift,Car,Petrol,22,Highway_Light,163,60.92,2.68,21.57,7.56
Toyota Innova,Car,Diesel,15,Mixed,323,42.31,7.63,11.47,28.17
Royal Enfield Classic 350,Bike,Petrol,35,City_Heavy,113,24.92,4.53,14.41,7.84
Honda Activa,Bike,Petrol,50,Highway_Light,121,91.54,1.32,49.91,2.42
Bajaj Pulsar 150,Bike,Petrol,45,City_Heavy,436,17.47,24.96,22.66,19.24
Toyota Innova,Car,Diesel,15,Highway_Light,117,77.36,1.51,13.68,8.55
Maruti Swift,Car,Petrol,22,Mixed,120,41.88,2.87,15.79,7.6
Honda Activa,Bike,Petrol,50,Mixed,307,69.95,4.39,43.01,7.14
Bajaj Pulsar 150,Bike,Petrol,45,Highway_Light,305,66.94,4.56,44.7,6.82
Royal Enfield Classic 350,Bike,Petrol,35,Highway_Light,152,91.43,1.66,33.73,4.51
Toyota Innova,Car,Diesel,15,Highway_Light,202,99.65,2.03,13.68,14.77
Maruti Swift,Car,Petrol,22,Mixed,363,57.16,6.35,18.69,19.42
Toyota Innova,Car,Diesel,15,City_Moderate,65,49.49,1.31,10.76,6.04
Bajaj Pulsar 150,Bike,Petrol,45,Highway_Light,111,60.97,1.82,41.24,2.69
Honda Activa,Bike,Petrol,50,Highway_Light,497,87.91,5.65,49.16,10.11
Honda Activa,Bike,Petrol,50,City_Heavy,55,28.81,1.91,29.3,1.88
Bajaj Pulsar 150,Bike,Petrol,45,City_Heavy,306,14.51,21.09,20.33,15.05
Maruti Swift,Car,Petrol,22,Highway_Light,324,67.44,4.8,20.63,15.71
Hyundai Creta,Car,Diesel,21,Mixed,78,68.12,1.15,18.07,4.32
Honda Activa,Bike,Petrol,50,City_Moderate,94,27.02,3.48,37.06,2.54
Bajaj Pulsar 150,Bike,Petrol,45,City_Heavy,423,18.74,22.58,24.55,17.23
Bajaj Pulsar 150,Bike,Petrol,45,Highway_Light,330,62.29,5.3,43.78,7.54
Toyota Innova,Car,Diesel,15,City_Heavy,368,12.71,28.96,6.68,55.13
Honda Activa,Bike,Petrol,50,Highway_Light,156,78.88,1.98,48.76,3.2
Honda Activa,Bike,Petrol,50,Highway_Light,412,62.28,6.62,45.07,9.14
Bajaj Pulsar 150,Bike,Petrol,45,City_Moderate,224,31.89,7.02,29.54,7.58
Honda Activa,Bike,Petrol,50,Mixed,274,47.49,5.77,37.76,7.26
Maruti Swift,Car,Petrol,22,Mixed,186,52.87,3.52,16.6,11.21
Toyota Innova,Car,Diesel,15,Highway_Light,74,62.61,1.18,14.77,5.01
Honda Activa,Bike,Petrol,50,Mixed,188,41.4,4.54,39.88,4.71
Maruti Swift,Car,Petrol,22,Highway_Light,367,65.57,5.6,21.16,17.34
Bajaj Pulsar 150,Bike,Petrol,45,Mixed,421,63.16,6.67,36.29,11.6
Hyundai Creta,Car,Diesel,21,Mixed,403,40.65,9.91,15.06,26.75
Maruti Swift,Car,Petrol,22,Mixed,152,43.84,3.47,18.32,8.3
Hyundai Creta,Car,Diesel,21,City_Heavy,409,11.05,37.03,12.1,33.79
Maruti Swift,Car,Petrol,22,City_Moderate,388,40.61,9.55,15.04,25.79
Hyundai Creta,Car,Diesel,21,Mixed,25,47.7,0.52,16.78,1.49
Bajaj Pulsar 150,Bike,Petrol,45,City_Moderate,222,29.78,7.45,32.89,6.75
Hyundai Creta,Car,Diesel,21,Mixed,375,69.16,5.42,16.12,23.26
Bajaj Pulsar 150,Bike,Petrol,45,City_Heavy,449,12.28,36.56,23.48,19.13
Honda Activa,Bike,Petrol,50,City_Moderate,200,35.45,5.64,31.51,6.35
Maruti Swift,Car,Petrol,22,Highway_Light,90,82.45,1.09,20.0,4.5
Royal Enfield Classic 350,Bike,Petrol,35,Mixed,65,46.82,1.39,28.16,2.31
Royal Enfield Classic 350,Bike,Petrol,35,City_Heavy,47,11.35,4.14,16.83,2.79
Honda Activa,Bike,Petrol,50,City_Moderate,21,40.32,0.52,37.08,0.57
Honda Activa,Bike,Petrol,50,Mixed,102,54.54,1.87,37.26,2.74
Royal Enfield Classic 350,Bike,Petrol,35,City_Heavy,6,23.28,0.26,15.16,0.4
Hyundai Creta,Car,Diesel,21,City_Moderate,334,36.56,9.14,13.51,24.73
Hyundai Creta,Car,Diesel,21,City_Moderate,129,43.73,2.95,14.33,9.0
Toyota Innova,Car,Diesel,15,City_Moderate,499,37.81,13.2,9.87,50.55
Maruti Swift,Car,Petrol,22,City_Heavy,142,29.56,4.8,12.35,11.5
Maruti Swift,Car,Petrol,22,City_Heavy,53,14.03,3.78,12.29,4.31
Maruti Swift,Car,Petrol,22,City_Moderate,24,38.62,0.62,14.34,1.67
Toyota Innova,Car,Diesel,15,Mixed,376,55.58,6.76,12.78,29.43
Bajaj Pulsar 150,Bike,Petrol,45,City_Moderate,217,41.49,5.23,28.84,7.52
Maruti Swift,Car,Petrol,22,Mixed,274,47.16,5.81,16.11,17.01
Honda Activa,Bike,Petrol,50,City_Heavy,62,25.01,2.48,24.51,2.53
Hyundai Creta,Car,Diesel,21,Mixed,70,41.96,1.67,17.04,4.11
Honda Activa,Bike,Petrol,50,Highway_Light,460,71.3,6.45,47.32,9.72
Bajaj Pulsar 150,Bike,Petrol,45,City_Heavy,231,12.11,19.08,21.52,10.74
Royal Enfield Classic 350,Bike,Petrol,35,City_Heavy,93,17.95,5.18,18.6,5.0
Bajaj Pulsar 150,Bike,Petrol,45,Highway_Light,201,98.58,2.04,40.92,4.91
Bajaj Pulsar 150,Bike,Petrol,45,Mixed,78,42.82,1.82,33.33,2.34
Royal Enfield Classic 350,Bike,Petrol,35,Highway_Light,301,83.1,3.62,32.75,9.19
Bajaj Pulsar 150,Bike,Petrol,45,City_Moderate,59,41.07,1.44,32.71,1.8
Hyundai Creta,Car,Diesel,21,Highway_Light,242,81.32,2.98,19.31,12.53
Honda Activa,Bike,Petrol,50,City_Moderate,472,38.95,12.12,31.58,14.95
Toyota Innova,Car,Diesel,15,Mixed,340,65.72,5.17,11.0,30.91
Royal Enfield Classic 350,Bike,Petrol,35,Mixed,118,45.07,2.62,30.84,3.83
Toyota Innova,Car,Diesel,15,City_Moderate,224,30.05,7.45,10.52,21.29
Royal Enfield Classic 350,Bike,Petrol,35,City_Heavy,105,24.65,4.26,15.29,6.87
Toyota Innova,Car,Diesel,15,City_Moderate,105,36.01,2.92,11.46,9.16
Royal Enfield Classic 350,Bike,Petrol,35,City_Heavy,250,27.14,9.21,18.31,13.66
Hyundai Creta,Car,Diesel,21,Mixed,399,55.16,7.23,15.19,26.26
Bajaj Pulsar 150,Bike,Petrol,45,Highway_Light,67,79.41,0.84,44.85,1.49
Hyundai Creta,Car,Diesel,21,Highway_Light,162,85.39,1.9,19.16,8.46
Toyota Innova,Car,Diesel,15,Highway_Light,106,99.19,1.07,13.75,7.71
Toyota Innova,Car,Diesel,15,Highway_Light,132,60.5,2.18,14.48,9.11
Toyota Innova,Car,Diesel,15,City_Heavy,357,10.59,33.72,7.68,46.49
Honda Activa,Bike,Petrol,50,City_Heavy,158,11.59,13.63,28.23,5.6
Toyota Innova,Car,Diesel,15,Highway_Light,193,73.47,2.63,14.6,13.22
Royal Enfield Classic 350,Bike,Petrol,35,Mixed,490,56.22,8.72,26.58,18.44
Hyundai Creta,Car,Diesel,21,City_Heavy,432,29.76,14.52,11.38,37.95
Maruti Swift,Car,Petrol,22,Mixed,368,53.78,6.84,19.37,19.0
Bajaj Pulsar 150,Bike,Petrol,45,Highway_Light,230,92.77,2.48,42.11,5.46
Honda Activa,Bike,Petrol,50,Highway_Light,290,66.95,4.33,49.4,5.87
Bajaj Pulsar 150,Bike,Petrol,45,City_Moderate,252,27.18,9.27,33.41,7.54
Toyota Innova,Car,Diesel,15,Highway_Light,167,65.68,2.54,14.58,11.46
Royal Enfield Classic 350,Bike,Petrol,35,City_Moderate,435,29.78,14.61,23.44,18.56
Bajaj Pulsar 150,Bike,Petrol,45,City_Heavy,283,22.42,12.62,23.52,12.03
Honda Activa,Bike,Petrol,50,City_Moderate,329,45.15,7.29,33.52,9.81
Toyota Innova,Car,Diesel,15,Mixed,351,59.02,5.95,13.03,26.94
Maruti Swift,Car,Petrol,22,Mixed,276,43.19,6.39,15.96,17.3
Toyota Innova,Car,Diesel,15,City_Moderate,252,26.74,9.42,9.94,25.34
Bajaj Pulsar 150,Bike,Petrol,45,City_Moderate,205,41.38,4.95,28.57,7.17
Bajaj Pulsar 150,Bike,Petrol,45,Mixed,251,48.38,5.19,40.43,6.21
Hyundai Creta,Car,Diesel,21,Highway_Light,8,94.66,0.08,20.25,0.4
Hyundai Creta,Car,Diesel,21,City_Moderate,147,30.32,4.85,13.51,10.88
Toyota Innova,Car,Diesel,15,Highway_Light,121,76.33,1.59,13.55,8.93
Royal Enfield Classic 350,Bike,Petrol,35,City_Heavy,488,27.42,17.79,19.31,25.27
Honda Activa,Bike,Petrol,50,Highway_Light,359,62.36,5.76,48.83,7.35
Bajaj Pulsar 150,Bike,Petrol,45,Mixed,119,67.22,1.77,39.59,3.01
Maruti Swift,Car,Petrol,22,City_Heavy,411,13.38,30.71,11.75,34.98
Honda Activa,Bike,Petrol,50,Highway_Light,50,78.41,0.64,46.95,1.06
Toyota Innova,Car,Diesel,15,Highway_Light,332,65.15,5.1,14.8,22.44
Honda Activa,Bike,Petrol,50,Mixed,338,54.37,6.22,39.13,8.64
Royal Enfield Classic 350,Bike,Petrol,35,Mixed,428,62.2,6.88,24.63,17.38
Royal Enfield Classic 350,Bike,Petrol,35,City_Heavy,219,12.55,17.45,20.43,10.72
Hyundai Creta,Car,Diesel,21,City_Heavy,114,28.22,4.04,11.37,10.02
Hyundai Creta,Car,Diesel,21,City_Moderate,205,45.99,4.46,15.77,13.0
Toyota Innova,Car,Diesel,15,City_Heavy,210,24.53,8.56,8.95,23.48
Royal Enfield Classic 350,Bike,Petrol,35,Mixed,379,55.98,6.77,26.63,14.23
Honda Activa,Bike,Petrol,50,City_Heavy,402,14.37,27.98,26.35,15.26
Bajaj Pulsar 150,Bike,Petrol,45,Highway_Light,168,63.86,2.63,41.04,4.09
Toyota Innova,Car,Diesel,15,City_Heavy,324,21.34,15.18,6.73,48.17
Toyota Innova,Car,Diesel,15,City_Moderate,146,39.96,3.65,9.85,14.82
Hyundai Creta,Car,Diesel,21,City_Heavy,447,24.6,18.17,9.65,46.33
Royal Enfield Classic 350,Bike,Petrol,35,City_Heavy,72,27.54,2.61,18.19,3.96
Bajaj Pulsar 150,Bike,Petrol,45,Highway_Light,129,83.73,1.54,44.45,2.9
Honda Activa,Bike,Petrol,50,City_Moderate,131,40.65,3.22,38.92,3.37
Toyota Innova,Car,Diesel,15,Mixed,66,63.84,1.03,12.09,5.46
Royal Enfield Classic 350,Bike,Petrol,35,City_Moderate,39,31.69,1.23,21.24,1.84
Royal Enfield Classic 350,Bike,Petrol,35,City_Moderate,473,38.04,12.44,26.52,17.83
Maruti Swift,Car,Petrol,22,Mixed,280,46.61,6.01,15.68,17.86
Honda Activa,Bike,Petrol,50,City_Moderate,205,47.74,4.29,34.88,5.88
Maruti Swift,Car,Petrol,22,Mixed,469,41.94,11.18,18.34,25.57
Royal Enfield Classic 350,Bike,Petrol,35,City_Heavy,12,20.35,0.59,20.69,0.58
Maruti Swift,Car,Petrol,22,City_Heavy,336,28.21,11.91,10.69,31.42
Bajaj Pulsar 150,Bike,Petrol,45,Mixed,19,58.06,0.33,35.68,0.53
Honda Activa,Bike,Petrol,50,City_Moderate,97,29.26,3.31,38.93,2.49
Bajaj Pulsar 150,Bike,Petrol,45,City_Moderate,42,39.79,1.06,35.53,1.18
Royal Enfield Classic 350,Bike,Petrol,35,City_Heavy,136,23.53,5.78,18.92,7.19
Royal Enfield Classic 350,Bike,Petrol,35,City_Heavy,264,17.69,14.92,14.92,17.69
Royal Enfield Classic 350,Bike,Petrol,35,Mixed,346,47.88,7.23,27.91,12.4
Royal Enfield Classic 350,Bike,Petrol,35,City_Moderate,351,43.59,8.05,22.9,15.33
Toyota Innova,Car,Diesel,15,Mixed,91,52.21,1.74,12.02,7.57
Bajaj Pulsar 150,Bike,Petrol,45,Mixed,214,50.86,4.21,39.52,5.41
Royal Enfield Classic 350,Bike,Petrol,35,City_Moderate,222,47.68,4.66,24.31,9.13
Maruti Swift,Car,Petrol,22,City_Heavy,366,29.43,12.44,9.85,37.15
Maruti Swift,Car,Petrol,22,City_Heavy,245,22.45,10.91,10.26,23.88
Honda Activa,Bike,Petrol,50,Mixed,436,48.42,9.0,39.7,10.98
Toyota Innova,Car,Diesel,15,City_Heavy,145,20.74,6.99,6.62,21.9
Hyundai Creta,Car,Diesel,21,Highway_Light,373,68.76,5.42,20.69,18.02
Hyundai Creta,Car,Diesel,21,City_Heavy,384,15.7,24.46,8.55,44.89
Royal Enfield Classic 350,Bike,Petrol,35,City_Heavy,249,21.44,11.61,17.24,14.44
Royal Enfield Classic 350,Bike,Petrol,35,Highway_Light,367,61.78,5.94,33.29,11.02
Toyota Innova,Car,Diesel,15,Highway_Light,348,63.48,5.48,13.92,25.01
Honda Activa,Bike,Petrol,50,Highway_Light,348,81.26,4.28,48.09,7.24
Bajaj Pulsar 150,Bike,Petrol,45,Mixed,187,66.23,2.82,39.42,4.74
Hyundai Creta,Car,Diesel,21,City_Heavy,271,10.9,24.87,10.47,25.88
Hyundai Creta,Car,Diesel,21,City_Heavy,131,15.49,8.45,10.29,12.73
Bajaj Pulsar 150,Bike,Petrol,45,City_Heavy,112,24.6,4.55,21.55,5.2
Toyota Innova,Car,Diesel,15,City_Moderate,449,42.85,10.48,11.65,38.55
Maruti Swift,Car,Petrol,22,City_Heavy,244,15.93,15.31,11.47,21.26
Hyundai Creta,Car,Diesel,21,Mixed,480,64.64,7.43,17.72,27.09
Bajaj Pulsar 150,Bike,Petrol,45,City_Heavy,351,10.04,34.95,18.01,19.48
Hyundai Creta,Car,Diesel,21,Mixed,435,41.79,10.41,17.71,24.56
Hyundai Creta,Car,Diesel,21,City_Heavy,342,15.13,22.6,10.94,31.27
Bajaj Pulsar 150,Bike,Petrol,45,City_Moderate,165,36.41,4.53,32.99,5.0
Royal Enfield Classic 350,Bike,Petrol,35,City_Heavy,151,21.93,6.89,16.58,9.11
Hyundai Creta,Car,Diesel,21,City_Moderate,117,26.78,4.37,14.91,7.85
Royal Enfield Classic 350,Bike,Petrol,35,Highway_Light,147,89.99,1.63,31.78,4.63
Toyota Innova,Car,Diesel,15,Highway_Light,289,87.15,3.32,14.12,20.47
Hyundai Creta,Car,Diesel,21,Mixed,335,57.96,5.78,16.22,20.65
Bajaj Pulsar 150,Bike,Petrol,45,Mixed,55,67.4,0.82,36.02,1.53
Bajaj Pulsar 150,Bike,Petrol,45,City_Heavy,32,13.44,2.38,23.51,1.36
Hyundai Creta,Car,Diesel,21,City_Moderate,121,47.56,2.54,15.28,7.92
Hyundai Creta,Car,Diesel,21,City_Heavy,404,29.83,13.55,8.68,46.55
Honda Activa,Bike,Petrol,50,Highway_Light,429,76.88,5.58,49.1,8.74
Honda Activa,Bike,Petrol,50,City_Moderate,325,27.11,11.99,32.95,9.86
Honda Activa,Bike,Petrol,50,Highway_Light,361,64.92,5.56,47.0,7.68
Bajaj Pulsar 150,Bike,Petrol,45,Mixed,227,54.0,4.2,36.53,6.21
Honda Activa,Bike,Petrol,50,Highway_Light,298,93.82,3.18,49.08,6.07
Royal Enfield Classic 350,Bike,Petrol,35,City_Heavy,150,18.08,8.3,18.85,7.96
Royal Enfield Classic 350,Bike,Petrol,35,City_Heavy,77,16.13,4.77,14.54,5.29
Hyundai Creta,Car,Diesel,21,Highway_Light,192,69.05,2.78,20.56,9.34
Hyundai Creta,Car,Diesel,21,City_Heavy,199,27.15,7.33,10.01,19.87
Bajaj Pulsar 150,Bike,Petrol,45,City_Heavy,67,11.98,5.59,26.25,2.55
Toyota Innova,Car,Diesel,15,Mixed,164,51.14,3.21,13.17,12.45
Hyundai Creta,Car,Diesel,21,Mixed,104,51.79,2.01,17.22,6.04
Hyundai Creta,Car,Diesel,21,City_Moderate,294,29.17,10.08,14.81,19.85
Royal Enfield Classic 350,Bike,Petrol,35,Mixed,200,41.34,4.84,27.51,7.27
Honda Activa,Bike,Petrol,50,Mixed,51,44.63,1.14,42.62,1.2
Honda Activa,Bike,Petrol,50,Mixed,448,51.37,8.72,35.25,12.71
Toyota Innova,Car,Diesel,15,City_Heavy,499,11.43,43.64,6.02,82.89
Maruti Swift,Car,Petrol,22,City_Heavy,309,12.03,25.7,10.6,29.14
Royal Enfield Classic 350,Bike,Petrol,35,Mixed,396,50.94,7.77,30.43,13.01
Toyota Innova,Car,Diesel,15,Highway_Light,208,82.39,2.52,13.83,15.04
Hyundai Creta,Car,Diesel,21,Highway_Light,117,65.62,1.78,19.12,6.12
Hyundai Creta,Car,Diesel,21,City_Moderate,380,49.44,7.69,14.64,25.96
Royal Enfield Classic 350,Bike,Petrol,35,Mixed,49,51.53,0.95,28.22,1.74
Bajaj Pulsar 150,Bike,Petrol,45,City_Heavy,367,17.76,20.66,18.35,20.0
Royal Enfield Classic 350,Bike,Petrol,35,Mixed,310,49.4,6.28,25.62,12.1
Honda Activa,Bike,Petrol,50,City_Moderate,249,32.23,7.73,31.47,7.91
Honda Activa,Bike,Petrol,50,City_Moderate,129,34.26,3.77,39.0,3.31
Toyota Innova,Car,Diesel,15,Mixed,39,66.65,0.59,11.62,3.36
Bajaj Pulsar 150,Bike,Petrol,45,Highway_Light,205,99.36,2.06,43.21,4.74
Royal Enfield Classic 350,Bike,Petrol,35,City_Heavy,435,13.03,33.38,16.02,27.16
Toyota Innova,Car,Diesel,15,City_Heavy,228,16.81,13.57,6.09,37.42
Maruti Swift,Car,Petrol,22,Highway_Light,169,79.12,2.14,20.99,8.05
Royal Enfield Classic 350,Bike,Petrol,35,Mixed,369,62.86,5.87,28.23,13.07
Maruti Swift,Car,Petrol,22,Mixed,439,50.69,8.66,19.07,23.02
Bajaj Pulsar 150,Bike,Petrol,45,Mixed,113,45.84,2.47,38.94,2.9
Hyundai Creta,Car,Diesel,21,Highway_Light,434,87.1,4.98,19.02,22.82
Honda Activa,Bike,Petrol,50,City_Heavy,143,21.15,6.76,22.35,6.4
Bajaj Pulsar 150,Bike,Petrol,45,Highway_Light,96,83.32,1.15,42.06,2.28
Toyota Innova,Car,Diesel,15,City_Moderate,401,40.66,9.86,12.0,33.42
Royal Enfield Classic 350,Bike,Petrol,35,City_Heavy,439,25.65,17.12,17.42,25.2
Maruti Swift,Car,Petrol,22,Mixed,342,58.7,5.83,18.63,18.36
Royal Enfield Classic 350,Bike,Petrol,35,Mixed,254,53.84,4.72,28.49,8.92
Royal Enfield Classic 350,Bike,Petrol,35,Mixed,12,41.18,0.29,29.62,0.41
Honda Activa,Bike,Petrol,50,City_Heavy,168,28.14,5.97,24.76,6.79
Maruti Swift,Car,Petrol,22,Mixed,95,67.28,1.41,15.98,5.94
Honda Activa,Bike,Petrol,50,Mixed,177,53.75,3.29,42.22,4.19
Royal Enfield Classic 350,Bike,Petrol,35,City_Moderate,250,44.76,5.59,21.27,11.76
Maruti Swift,Car,Petrol,22,City_Heavy,469,23.62,19.86,9.35,50.16
Bajaj Pulsar 150,Bike,Petrol,45,Mixed,16,69.09,0.23,35.7,0.45
Toyota Innova,Car,Diesel,15,City_Heavy,158,29.62,5.33,8.85,17.86
Maruti Swift,Car,Petrol,22,Highway_Light,356,79.68,4.47,20.86,17.06
Toyota Innova,Car,Diesel,15,Highway_Light,232,71.43,3.25,13.95,16.63
Honda Activa,Bike,Petrol,50,Mixed,220,53.24,4.13,37.03,5.94
Bajaj Pulsar 150,Bike,Petrol,45,Mixed,196,54.77,3.58,36.95,5.3
Toyota Innova,Car,Diesel,15,Mixed,183,66.83,2.74,12.23,14.96
Honda Activa,Bike,Petrol,50,City_Moderate,96,45.69,2.1,34.56,2.78
Hyundai Creta,Car,Diesel,21,Mixed,264,64.2,4.11,17.91,14.74
Maruti Swift,Car,Petrol,22,City_Moderate,333,26.49,12.57,15.3,21.77
Hyundai Creta,Car,Diesel,21,Highway_Light,341,93.88,3.63,18.91,18.04
Maruti Swift,Car,Petrol,22,City_Moderate,151,32.8,4.6,17.13,8.82
Royal Enfield Classic 350,Bike,Petrol,35,Mixed,329,55.31,5.95,26.29,12.51
Honda Activa,Bike,Petrol,50,Mixed,291,62.02,4.69,41.27,7.05
Bajaj Pulsar 150,Bike,Petrol,45,Highway_Light,26,87.51,0.3,43.93,0.59
Royal Enfield Classic 350,Bike,Petrol,35,Mixed,58,55.82,1.04,29.56,1.96
